channel_id,channel_number,node,A,B,C,D,E
0,1,1,0.999975444,0.999982996,0.999982372,0.99998446,0.999983053
1,2,2,0.999822869,0.99992986,0.999956529,0.999947959,0.999933566
2,3,3,0.999487224,0.999781126,0.999946195,0.999821873,0.999767445
3,4,4,0.99750635,0.998818492,0.999845554,0.998718156,0.998130616
4,5,5,0.995758592,0.998038445,0.99977676,0.998056479,0.997350626
5,6,6,0.992139954,0.995843953,0.9994875,0.995347695,0.993749422
6,7,7,0.988782773,0.994052551,0.99904058,0.993471462,0.992125749
7,8,8,0.66369612,0.760632928,0.864276025,0.735072255,0.757355449
8,9,9,0.670938751,0.770721547,0.872628558,0.74444849,0.766495782
9,10,10,0.678334738,0.773572685,0.8799211,0.749255203,0.772583188
10,11,11,0.6865617,0.777914486,0.884594274,0.754014532,0.777583053
11,12,12,0.69394057,0.782984213,0.888929564,0.760175546,0.783216815
12,13,13,0.696569942,0.786878049,0.891893211,0.763662703,0.786061989
13,14,14,0.700225819,0.792593182,0.894107571,0.768483617,0.788672126
14,15,15,0.701655218,0.79509668,0.895814403,0.771517201,0.789287552
15,16,16,0.712517176,0.80629289,0.902182978,0.788124674,0.80019714
16,17,17,0.999999983,0.999999762,0.99999599,0.999999501,0.999999998
17,18,18,0.736531086,0.805301334,0.911580335,0.810017622,0.807416817
18,19,19,0.747121886,0.805910906,0.915677213,0.81631721,0.807868457
19,20,20,0.759825716,0.808038345,0.92092363,0.822698115,0.808235572
20,21,21,0.775688781,0.812894956,0.924906685,0.829143947,0.811591394
21,22,22,0.794264151,0.820219848,0.930969017,0.836490502,0.817672996
22,23,23,0.809236092,0.826877673,0.933665377,0.842025022,0.824544222
23,24,24,0.853995632,0.865335282,0.950015878,0.871427201,0.862460158
24,25,25,0.866162019,0.877670598,0.950377437,0.87906769,0.876992425
25,26,26,0.635086708,0.541104891,0.683736192,0.607513606,0.498522452
26,27,28,0.743812977,0.716292697,0.73659015,0.720817591,0.721655127
27,28,27,0.648679425,0.553491499,0.681591104,0.624282916,0.501978847
28,29,29,0.775076879,0.744774183,0.754024761,0.75507263,0.758717247
29,30,26,0.753277519,0.741927587,0.772819529,0.743561469,0.740187001
30,31,29,0.75304222,0.730668342,0.758430534,0.727933168,0.724533009
31,32,30,0.88320451,0.84563226,0.756931388,0.85464781,0.845006811
32,33,31,0.278865457,0.180651859,0.046583991,0.202798419,0.252732367
33,34,30,0.675460436,0.647968226,0.635299952,0.654876135,0.663134146
34,35,31,0.492653039,0.441979564,0.360859172,0.451298308,0.464774729
35,36,32,0.72471468,0.679717606,0.593945037,0.690204737,0.701738916
36,37,33,0.715855129,0.683544125,0.600860771,0.688447711,0.70902278
37,38,34,0.694975902,0.656298482,0.535541375,0.665115261,0.687599784
38,39,35,0.632168531,0.568509335,0.424441458,0.571342258,0.608684277
39,40,36,0.656661002,0.601198935,0.448717931,0.602162412,0.635155458
40,41,35,0.771592551,0.711439944,0.602895105,0.716343477,0.73287222
41,42,37,0.707821506,0.650618199,0.513244541,0.659592572,0.681329247
42,43,38,0.688190235,0.634726186,0.463587094,0.642256952,0.671173573
43,44,39,0.711655926,0.652597073,0.499730466,0.66025218,0.688999626
44,45,40,0.743142522,0.700571803,0.569926448,0.700763597,0.748311412
45,46,41,0.759558691,0.714302304,0.588648816,0.711438258,0.758865038
46,47,42,0.761488789,0.716774096,0.591124918,0.711954925,0.760436299
47,48,43,0.769677388,0.733220552,0.616606084,0.731789772,0.783795011
48,49,469,0.766676415,0.717058208,0.603793037,0.727448479,0.767484077
49,50,45,0.768813614,0.719767055,0.624199765,0.732450908,0.768063032
50,51,461,0.757039562,0.716011792,0.640124005,0.733030448,0.767591994
51,52,46,0.778969016,0.730505899,0.661394079,0.74791622,0.788031384
52,53,47,0.823823762,0.770425533,0.701882417,0.774219121,0.810116695
53,54,8,0.560991842,0.683632699,0.84943642,0.661043506,0.6654535
54,55,48,0.575319565,0.695812783,0.851102182,0.659668928,0.667004926
55,56,49,0.581044229,0.700262561,0.861616181,0.664707931,0.668790698
56,57,50,0.587177771,0.702928911,0.868516751,0.666583216,0.666320294
57,58,51,0.585679903,0.698383913,0.873576846,0.663570963,0.65933401
58,59,52,0.561243301,0.65759617,0.844230333,0.625294327,0.60008401
59,60,53,0.581327773,0.670123412,0.850645868,0.630620786,0.600550024
60,61,54,0.665826671,0.678044397,0.855862176,0.65823159,0.63686039
61,62,55,0.686245841,0.697211788,0.864158643,0.674083348,0.651254444
62,63,56,0.822241146,0.879263043,0.904577551,0.883380069,0.888255995
63,65,169,0.839774147,0.876899533,0.900621579,0.880315058,0.889726443
64,66,169,0.728987909,0.837246208,0.883351235,0.852547672,0.829052564
65,67,57,0.713931559,0.816828028,0.934535384,0.828076134,0.813521887
66,68,58,0.638281854,0.762357737,0.922742775,0.770152781,0.824301726
67,69,57,0.924138479,0.937522523,0.903585042,0.943571555,0.947975674
68,70,59,0.687512493,0.802682099,0.940300169,0.819498795,0.849891952
69,71,60,0.700105541,0.80461516,0.939167068,0.824226714,0.851738172
70,72,61,0.746845293,0.809995866,0.939446111,0.837702304,0.860352914
71,73,62,0.798798785,0.825298301,0.943527367,0.841592987,0.874428005
72,74,63,0.816925876,0.831060099,0.939907252,0.831059872,0.860256233
73,75,64,0.833834934,0.848948296,0.941345435,0.84520687,0.867910755
74,76,65,0.857759548,0.865097967,0.945743796,0.860300071,0.903551743
75,77,66,0.871819016,0.883789622,0.946507926,0.886530536,0.90040702
76,78,67,0.888129959,0.911457962,0.949172451,0.918095434,0.905832473
77,79,68,0.889493361,0.918675173,0.949935065,0.923672064,0.905200985
78,80,69,0.896140503,0.918707232,0.966952072,0.921749438,0.908847315
79,81,70,6.82E-24,3.85E-119,1.25E-57,4.37E-22,4.47E-43
80,82,71,0.001425198,5.30E-14,2.69E-10,0.000381952,1.65E-09
81,83,44,0.76266465,0.712361602,0.599274186,0.724085324,0.763505709
82,84,73,0.000137959,6.87E-14,6.33E-20,1.06E-05,2.57E-10
83,85,74,0.000159952,1.80E-13,7.88E-20,1.23E-05,3.15E-10
84,86,75,0.001050869,4.50E-10,3.82E-17,0.000224712,4.24E-08
85,88,77,0.002692569,1.57E-08,2.90E-15,0.000387328,1.12E-06
86,89,78,0.003361856,4.35E-08,1.33E-14,0.000478079,2.83E-06
87,90,79,0.003385754,6.55E-08,1.46E-14,0.000526299,3.04E-06
88,91,80,0.004479359,2.04E-07,6.88E-13,0.000154442,7.04E-06
89,92,81,0.005483732,4.76E-07,2.08E-12,0.000229466,1.42E-05
90,94,82,0.047268016,0.001321068,3.05E-06,0.011409371,0.005747854
91,95,84,0.053172695,0.00208316,6.75E-06,0.013810963,0.008019721
92,96,85,0.057830978,0.002868351,1.23E-05,0.015837613,0.010479493
93,97,86,0.053729493,0.002514663,1.29E-05,0.016405638,0.010728692
94,101,88,0.061926644,0.004017255,2.79E-05,0.019038184,0.015883805
95,102,89,0.06022255,0.003781749,2.82E-05,0.01948468,0.014048488
96,104,90,0.075106971,0.007566016,8.79E-05,0.024156817,0.025142851
97,105,91,0.076590404,0.008165184,0.000119598,0.025555533,0.026355267
98,106,92,0.073720352,0.007482211,0.000126861,0.025748744,0.023626569
99,107,93,0.23022092,0.080766847,0.009061402,0.096092981,0.141114548
100,108,93,0.13010351,0.019112786,0.001232605,0.03837217,0.044712016
101,111,94,0.170847544,0.039637296,0.003829535,0.05765758,0.081095609
102,114,98,0.18796137,0.064625376,0.006676274,0.081031201,0.081476114
103,115,97,0.21318738,0.072731899,0.011053905,0.095226525,0.142069286
104,116,98,0.131858458,0.041600669,0.008870482,0.069348399,0.056522371
105,117,99,0.21665837,0.092991024,0.020132669,0.121365419,0.135147379
106,118,100,0.168005811,0.030305735,0.001905008,0.0560586,0.089588538
107,119,100,0.432336745,0.340067054,0.131371753,0.338295703,0.405306871
108,120,101,0.213756564,0.119686646,0.048846509,0.135678192,0.216848188
109,121,102,0.190772683,0.067109585,0.01262054,0.094058777,0.110773489
110,122,232,0.497785989,0.428805068,0.187401472,0.426718626,0.492777318
111,123,101,0.538881289,0.48512363,0.243472834,0.483719056,0.549795047
112,124,103,0.622003891,0.579480795,0.372511859,0.580458745,0.647504477
113,125,52,0.432958086,0.561464419,0.664572619,0.52039187,0.563564302
114,126,104,0.344876307,0.545420159,0.670025227,0.48749524,0.545229739
115,127,105,0.31811679,0.528246764,0.691579646,0.489433488,0.534803873
116,128,106,0.458800738,0.480051402,0.698069994,0.522997347,0.494376131
117,129,107,0.797606299,0.625549825,0.781801714,0.707294628,0.586086912
118,130,108,0.816639439,0.701717258,0.79921215,0.755166647,0.634054947
119,131,109,0.833578268,0.721780085,0.796946386,0.772459164,0.6713806
120,132,110,0.846922033,0.758067128,0.809097366,0.794609251,0.70270285
121,133,111,0.852624635,0.788354426,0.833386698,0.807746271,0.75845275
122,134,112,0.85237329,0.75148444,0.804649843,0.782232857,0.772368229
123,135,113,0.021268345,4.69E-05,8.94E-10,0.002153924,0.000766991
124,136,114,0.023632473,8.71E-05,5.58E-09,0.003024932,0.000849359
125,137,115,0.027418593,0.000158343,8.30E-09,0.00392617,0.001355276
126,138,116,0.029056287,0.000223358,5.55E-08,0.004704451,0.001498481
127,139,117,0.06178248,0.002885501,7.36E-06,0.014266944,0.011778729
128,140,118,0.066443543,0.003872227,1.39E-05,0.016944714,0.013436524
129,141,118,0.066249383,0.003359044,8.47E-06,0.014669242,0.01509749
130,142,119,0.094976013,0.011201866,9.39E-05,0.026112031,0.036315101
131,143,120,0.07914785,0.00692001,4.45E-05,0.021823887,0.021747079
132,144,121,0.208764433,0.100813805,0.007704282,0.116510024,0.148710902
133,145,123,0.031769203,0.000543438,4.27E-07,0.011403266,0.002084593
134,146,122,0.529695954,0.432543908,0.223772918,0.456086535,0.426159375
135,147,123,0.117901435,0.019570297,0.000348115,0.03544497,0.05422045
136,148,122,0.118734996,0.024559899,0.000564844,0.041537178,0.050909133
137,149,124,0.110166818,0.018951037,0.000306665,0.034979247,0.047405241
138,150,125,0.165650573,0.05077878,0.002342964,0.067185825,0.102021789
139,151,126,0.177663619,0.058799613,0.003357887,0.075222539,0.113568524
140,152,127,0.350172125,0.231704353,0.057141132,0.239156266,0.308448423
141,153,128,0.364724502,0.249467703,0.065411494,0.255552064,0.325316581
142,154,129,0.238190541,0.107805061,0.015370046,0.134935255,0.183735902
143,155,130,0.232553114,0.113522945,0.019732735,0.131849664,0.158507029
144,156,130,0.343508275,0.225676698,0.056133426,0.231092703,0.299481495
145,157,131,0.275365797,0.157702504,0.034944415,0.172115149,0.20908613
146,158,131,0.242385354,0.115720923,0.029735757,0.137705573,0.155514852
147,159,132,0.335452111,0.214818324,0.054263959,0.221801003,0.285720079
148,160,133,0.1345772,0.05646364,0.005142095,0.083120714,0.105157653
149,161,133,0.564763903,0.473894297,0.24408571,0.47633568,0.521148494
150,162,134,0.464157979,0.363756743,0.250183806,0.400748873,0.468021299
151,163,134,0.668040518,0.576255938,0.408163003,0.592044342,0.591674339
152,164,144,0.192467888,0.080021154,0.012232683,0.097675122,0.127874544
153,165,135,0.221005108,0.105393046,0.018127591,0.12198173,0.157752666
154,166,136,0.459605735,0.374003394,0.138751533,0.376838282,0.453355934
155,167,137,0.475801121,0.392929131,0.154065469,0.395329039,0.470863549
156,168,136,0.190259487,0.094134988,0.018226842,0.11964583,0.122479426
157,169,16,0.680225038,0.730693577,0.84635307,0.749392624,0.779140026
158,170,138,0.635428741,0.760504081,0.855243659,0.754740703,0.74923664
159,171,139,0.704830431,0.805625732,0.890907017,0.79923997,0.767182782
160,172,140,0.328632057,0.208919388,0.049574042,0.220565897,0.289530274
161,173,141,0.286233437,0.157478102,0.029003149,0.173618002,0.230806645
162,174,142,0.246118266,0.115033007,0.015889033,0.13424381,0.180710164
163,175,143,0.146840202,0.03905212,0.002889497,0.061155874,0.071996611
164,176,144,0.142493068,0.037677333,0.003236599,0.06147235,0.066474839
165,177,145,0.143259189,0.035680029,0.001548844,0.053286626,0.070051059
166,178,124,0.149040781,0.040401561,0.001666373,0.057773654,0.079237899
167,179,125,0.106885098,0.019064714,0.00063457,0.037082681,0.053690539
168,180,146,1,1,1,1,1
169,181,147,0.992306338,0.992410933,0.990717049,0.993898229,0.992135869
170,182,148,0.991175086,0.991746509,0.989803722,0.993509234,0.991785852
171,183,149,0.98923891,0.975193285,0.967772434,0.982007767,0.986392063
172,184,150,0.999999995,1,1,0.999999729,1
173,185,151,1,1,1,1,1
174,186,152,0.984414184,0.979555241,0.976317749,0.982081946,0.967528693
175,187,153,0.984116185,0.977790171,0.973745612,0.976963497,0.955994309
176,188,154,0.980496307,0.969977638,0.967102037,0.970021088,0.952320016
177,189,155,0.983667514,0.978455573,0.975679254,0.980984916,0.971342881
178,190,156,0.982386748,0.977138595,0.97284709,0.977763788,0.970102289
179,191,157,0.981524788,0.973721151,0.969337746,0.974699532,0.968851415
180,192,158,0.981606011,0.972452602,0.967379413,0.972670786,0.967795303
181,193,159,0.982283573,0.973815446,0.969713162,0.973878194,0.967281619
182,194,160,0.982193601,0.972647399,0.96813416,0.972587913,0.966569317
183,195,5,-1,-1,-1,-1,-1
184,196,162,0.990145406,0.98754315,0.985372987,0.986287645,0.989049219
185,197,163,0.991816525,0.987363412,0.985755088,0.986818718,0.979460142
186,198,164,0.992217359,0.98082212,0.979998602,0.984523667,0.975514806
187,199,165,0.9888613,0.978641662,0.977332106,0.987255347,0.971355394
188,201,166,-1,-1,-1,-1,-1
189,202,167,0.978961488,0.96751056,0.977959345,0.973233785,0.956002839
190,203,168,0.977920415,0.961236678,0.973045191,0.966148696,0.952389529
191,204,170,1,1,1,1,1
192,205,56,0.78378548,0.763679824,0.897789163,0.775433671,0.81666043
193,206,171,0.79639655,0.765144284,0.901049402,0.783198652,0.822307699
194,207,172,0.806944618,0.77433391,0.905599647,0.794180264,0.827402727
195,208,173,0.8126133,0.782947911,0.910074229,0.804584596,0.833857616
196,209,174,0.817065037,0.788079435,0.912255892,0.810210426,0.837029477
197,210,175,0.822768491,0.797316554,0.91686598,0.81945592,0.843097268
198,211,176,0.828593048,0.806806438,0.921860509,0.826737296,0.849804291
199,212,177,0.835392157,0.812939707,0.92396553,0.830059993,0.853040441
200,213,178,0.84592842,0.824298957,0.928712432,0.836048997,0.861106718
201,214,179,5.35E-64,0,1.14E-89,2.33E-45,3.45E-86
202,215,223,0.717729005,0.620076262,0.589047837,0.643666329,0.676240666
203,216,181,-1,-1,-1,-1,-1
204,217,72,6.52E-06,1.40E-18,8.76E-24,2.82E-07,1.22E-13
205,218,182,2.84E-05,6.29E-17,1.51E-22,1.10E-06,1.94E-11
206,219,183,7.24E-05,4.97E-15,8.96E-23,2.88E-06,9.19E-11
207,220,184,0.000177324,1.60E-13,2.89E-21,7.18E-06,1.33E-09
208,221,183,0.000137045,1.79E-13,7.95E-20,4.68E-06,5.65E-10
209,222,185,0.000233543,4.05E-13,2.25E-20,1.03E-05,3.57E-09
210,223,186,0.000565967,1.37E-11,1.07E-18,2.64E-05,6.72E-08
211,224,185,0.000365171,7.48E-12,1.65E-18,1.29E-05,1.20E-08
212,225,187,0.000822363,7.27E-11,5.26E-18,3.47E-05,9.83E-08
213,226,113,0.002135647,2.89E-08,5.39E-15,4.42E-05,9.24E-06
214,227,188,0.000853552,9.68E-10,1.68E-16,1.14E-05,7.29E-07
215,228,189,0.000317386,1.14E-11,4.67E-19,3.00E-06,4.18E-08
216,229,190,0.000118243,1.61E-13,8.28E-21,1.07E-06,1.63E-09
217,230,191,6.46E-05,7.84E-15,1.06E-21,4.43E-07,4.76E-10
218,231,192,1.92E-11,2.39E-32,1.51E-28,7.56E-14,2.11E-23
219,232,72,0.000114461,2.78E-14,3.22E-20,8.89E-06,1.95E-10
220,233,117,0.152216366,0.039346397,0.002615974,0.062593155,0.06552857
221,234,194,0.12112895,0.019927437,0.000652187,0.041525216,0.039340676
222,235,195,0.080401763,0.004671726,4.63E-05,0.021241304,0.01155347
223,236,82,0.39626767,0.26203628,0.071932603,0.29531739,0.349828456
224,237,196,0.357374944,0.21268375,0.052266564,0.246196687,0.299436981
225,238,197,0.118309546,0.052104263,0.005928775,0.068564117,0.076866929
226,239,198,0.081615528,0.010841127,5.03E-05,0.026621108,0.033764436
227,240,199,0.097201341,0.015717902,0.000170253,0.033744226,0.036660354
228,241,200,0.1143627,0.023342282,0.000495831,0.043342677,0.050489331
229,242,201,0.156775171,0.043335884,0.001690244,0.064773331,0.076668898
230,243,202,0.196360291,0.074316956,0.005759956,0.097243372,0.122033653
231,244,203,0.529046088,0.270287702,0.122219291,0.283511115,0.307178925
232,245,204,0.972962862,0.923908404,0.932651665,0.937407213,0.912971348
233,246,205,0.970061137,0.863577782,0.89588268,0.910277095,0.877539987
234,247,206,0.999995235,0.999998856,0.999997868,0.999999986,1
235,248,129,0.803724673,0.726440644,0.675139039,0.759908195,0.761873263
236,249,207,0.808363164,0.733363586,0.684327709,0.765659041,0.767665783
237,250,208,0.352664021,0.227385721,0.058348307,0.233443112,0.287787941
238,251,208,0.515182537,0.441324904,0.222368545,0.440689149,0.504994936
239,252,209,1,1,1,1,1
240,253,210,0.982998862,0.969020634,0.952014544,0.97414637,0.9739528
241,254,211,0.983539295,0.965836099,0.943689998,0.977665785,0.964527488
242,255,212,0.001509569,8.98E-10,7.23E-16,0.000109395,1.46E-07
243,257,212,0.007160905,8.25E-07,6.49E-13,0.000614262,2.91E-05
244,258,121,0.129350285,0.025407421,0.0006183,0.042377428,0.047302467
245,259,213,0.099140665,0.011671961,0.000117346,0.027213476,0.023077799
246,260,76,0.868937816,0.82469461,0.820322297,0.84172352,0.847248568
247,261,205,0.653526258,0.570590553,0.414545684,0.577052076,0.588271872
248,262,215,0.7127269,0.64775052,0.504876218,0.654393223,0.678908506
249,263,215,0.76399011,0.703707456,0.592911083,0.719102633,0.725724253
250,264,102,0.384758188,0.256479713,0.122424275,0.274210073,0.321354108
251,265,216,0.671284177,0.557084991,0.450156663,0.586772884,0.617955727
252,266,217,0.713227945,0.613525868,0.515045453,0.636231244,0.665910942
253,267,217,0.680798512,0.565240726,0.469357973,0.597019586,0.626475076
254,268,216,0.475759607,0.398949236,0.268526262,0.418836532,0.406958274
255,269,219,0.637467427,0.566381014,0.435423873,0.586475917,0.60130657
256,270,220,0.730653415,0.68017973,0.567416727,0.697718282,0.703641484
257,271,222,0.545886692,0.489797679,0.266405837,0.519521813,0.472492804
258,272,221,0.606269399,0.547065359,0.350257349,0.571633139,0.530603897
259,273,218,0.727304971,0.63291712,0.536343963,0.65895364,0.680131516
260,274,222,0.764822536,0.672528008,0.609842086,0.697054526,0.727489915
261,275,223,0.819309156,0.786224336,0.718794159,0.800243582,0.806887255
262,276,103,0.663576574,0.565050237,0.46064078,0.595400467,0.622885314
263,277,224,0.700045316,0.607655615,0.519509504,0.638524962,0.649969607
264,278,225,0.712720109,0.627834793,0.552815039,0.655541206,0.667242681
265,279,226,0.72879093,0.655395619,0.57360558,0.682794028,0.69751682
266,280,42,0.734209455,0.681076983,0.617144458,0.710327136,0.7937397
267,281,354,0.648806294,0.605219757,0.510197221,0.633508753,0.66685754
268,282,459,0.622040839,0.5863355,0.472867456,0.609340915,0.565700604
269,283,460,0.769525051,0.682338421,0.66220362,0.707040491,0.702229927
270,284,461,0.767288198,0.717579499,0.612974719,0.725558495,0.76503147
271,285,462,0.679991297,0.678986773,0.516252988,0.674731744,0.711632271
272,286,355,0.688148787,0.663191038,0.512632365,0.671497516,0.694545451
273,287,47,0.830693772,0.752449458,0.762790978,0.783035865,0.832982188
274,288,463,0.838579543,0.784906995,0.782786243,0.804845233,0.836187018
275,289,463,0.864291488,0.815526553,0.747307185,0.815540272,0.852804708
276,290,464,0.870135821,0.820457264,0.786664448,0.849309024,0.900973702
277,291,465,0.866850586,0.819263863,0.784895597,0.846070799,0.899236319
278,292,466,0.967313425,0.959868993,0.947788826,0.961361767,0.965340021
279,293,465,0.887929571,0.851250239,0.814562555,0.862256792,0.85439969
280,294,466,0.915470982,0.878638202,0.870497672,0.890096072,0.926539349
281,295,471,0.931704422,0.920311815,0.908136499,0.924675901,0.949878283
282,296,470,0.92549061,0.909753199,0.882400089,0.910676777,0.935653363
283,297,459,0.845599779,0.800630022,0.749707415,0.823357238,0.913775844
284,299,460,0.67576545,0.642397808,0.528510093,0.647144533,0.717610564
285,300,467,0.789704844,0.733480595,0.68409354,0.757564696,0.805422264
286,301,470,0.921970487,0.914482567,0.901180695,0.913966609,0.940308949
287,307,239,0.998013368,0.998619845,0.997804663,0.998570202,0.998899838
288,308,240,0.998004282,0.998605503,0.997826861,0.998568498,0.998892034
289,309,240,0.700559832,0.646675635,0.484340217,0.635000662,0.667411848
290,310,43,0.707518343,0.656100343,0.493556829,0.645783423,0.684051887
291,311,241,0.299203351,0.456500324,0.712674679,0.449354312,0.352639275
292,312,241,0.312716097,0.467153224,0.710477603,0.490950537,0.325577543
293,313,242,0.932411811,0.915098678,0.918014297,0.923830248,0.917249266
294,314,243,0.778883051,0.682653112,0.644317501,0.732634575,0.783145516
295,315,244,0.470183015,0.441463793,0.524475142,0.438357727,0.463077382
296,316,244,0.994984371,0.995431754,0.992937654,0.995953468,0.996130365
297,317,246,0.734091755,0.671352292,0.668542023,0.663746468,0.683770518
298,318,247,0.129720183,0.316724009,0.506330646,0.215649301,0.539582643
299,319,245,0.548037062,0.481215393,0.412463091,0.496717846,0.547025243
300,320,246,0.781397081,0.688979541,0.652594999,0.708023102,0.715341341
301,321,248,0.421384007,0.398222179,0.540450647,0.374670227,0.537509676
302,322,250,0.554767691,0.494370968,0.559198009,0.485183859,0.552161654
303,323,268,0.658411962,0.718373278,0.694493376,0.704909961,0.822400149
304,324,249,0.679444483,0.722516126,0.703126915,0.718223186,0.835818008
305,325,250,0.948399746,0.943158482,0.94161504,0.946217336,0.954166301
306,326,245,0.772889915,0.725134048,0.626555283,0.729948987,0.754744322
307,327,251,0.774796048,0.729020187,0.63559154,0.73522493,0.759836681
308,328,252,0.798351706,0.751994091,0.668206638,0.753408194,0.781158537
309,329,253,0.996553071,0.996004129,0.993560311,0.996567812,0.996519358
310,330,254,0.996271863,0.995658418,0.993306808,0.996363331,0.99634694
311,331,255,0.996812831,0.995888382,0.994142558,0.996473844,0.996453525
312,332,256,0.997024845,0.995701908,0.994350469,0.996775788,0.992975925
313,333,256,0.988982687,0.992709197,0.985653229,0.992415117,0.984980269
314,334,257,0.999945722,0.999928508,0.999875055,0.999947059,0.999923229
315,335,258,0.999896534,0.999942215,0.999843703,0.999933363,0.99992854
316,336,259,0.999833778,0.999926008,0.9998309,0.999930469,0.99989066
317,337,260,0.980191466,0.988249251,0.981465265,0.98717867,0.984423572
318,338,261,0.981151403,0.98933381,0.982133131,0.987507119,0.985932386
319,339,262,0.984917321,0.991118353,0.984556108,0.989387737,0.990044495
320,340,263,0.985881724,0.991318071,0.985224355,0.989595827,0.991100715
321,341,264,0.99028182,0.992168697,0.98820792,0.991228716,0.993524078
322,342,265,0.991191208,0.992492884,0.989270683,0.991558417,0.993813353
323,343,266,0.994518366,0.994431653,0.992730278,0.993928324,0.995117004
324,344,267,0.994820522,0.994517837,0.992999477,0.994071728,0.995279504
325,345,268,0.779455188,0.735293084,0.642915713,0.751160816,0.75355675
326,346,269,0.816827874,0.777113851,0.689859181,0.787803808,0.776892748
327,347,270,0.850661271,0.810393859,0.738798333,0.818346679,0.809301254
328,348,271,0.959010556,0.95203711,0.956991219,0.964602957,0.977741422
329,349,272,0.962347444,0.954750831,0.95994146,0.965749403,0.978070075
330,350,274,1,1,1,1,1
331,351,275,0.997376092,0.994450283,0.995219229,0.996777777,0.995873525
332,352,276,1,1,1,1,1
333,353,277,0.99652152,0.994248553,0.994448579,0.996317161,0.996971884
334,354,278,1,1,1,1,1
335,355,279,0.996926444,0.99563219,0.994437596,0.996325697,0.996321753
336,356,260,0.983046037,0.99351147,0.994938559,0.990423978,0.995640538
337,357,280,0.992280399,0.995497272,0.992717757,0.994602047,0.994326908
338,358,281,0.992517078,0.995560713,0.993045369,0.994733692,0.994483486
339,359,282,0.992773019,0.995655342,0.993482945,0.994881409,0.994632394
340,360,283,0.992897792,0.995669248,0.993517984,0.994928024,0.994712215
341,361,284,0.993303376,0.995576208,0.993767803,0.994960058,0.994865645
342,362,285,0.993553677,0.995613679,0.994117794,0.995037484,0.994978512
343,363,286,0.993857794,0.995467978,0.994268215,0.995116821,0.995082288
344,364,287,0.994042341,0.995350517,0.994540076,0.995162259,0.995152302
345,365,342,-1,-1,-1,-1,-1
346,366,343,0.91817921,0.857387073,0.905364579,0.922969691,0.983026787
347,367,288,0.921059762,0.865844553,0.909078481,0.926114245,0.984212416
348,368,289,0.920471133,0.864312785,0.908968514,0.925764377,0.984193685
349,369,290,0.919157447,0.859516619,0.908830588,0.923967291,0.984091763
350,370,291,0.919109108,0.859507626,0.909770246,0.924404649,0.984479543
351,371,292,0.917629027,0.858283857,0.909829567,0.923774729,0.984541903
352,372,293,0.917487755,0.859075612,0.910552413,0.924380669,0.984841036
353,373,294,0.916318509,0.859389953,0.911127803,0.923309379,0.985127623
354,374,295,0.916444537,0.861613036,0.91282915,0.923935192,0.985793442
355,375,296,1,1,1,1,1
356,376,297,0.998032732,0.997860223,0.997190292,0.997423778,0.99922508
357,377,298,0.998147333,0.997734674,0.997154955,0.997558553,0.999267013
358,378,299,0.998277661,0.997974389,0.99744202,0.997691999,0.999281002
359,379,339,0.988624357,0.980699842,0.989454696,0.989978823,0.99788316
360,380,300,0.989081764,0.983899788,0.989571323,0.990728624,0.997822948
361,381,301,0.989143951,0.984048431,0.989511114,0.990795654,0.997759767
362,382,302,0.991183248,0.986448762,0.989614039,0.991401268,0.997347672
363,383,340,0.988055223,0.982537988,0.986480231,0.989513706,0.996485193
364,384,303,0.988004735,0.982976819,0.987350255,0.989641193,0.99704411
365,385,304,0.989060437,0.984656757,0.988585218,0.990377063,0.997416607
366,386,305,0.989123145,0.98483706,0.988872287,0.990547058,0.99754962
367,387,306,0.989221687,0.98503513,0.989166302,0.990586252,0.997683943
368,388,302,0.988574686,0.980426498,0.989606345,0.990283335,0.998066692
369,389,307,0.989028536,0.980732669,0.990084563,0.990294558,0.998268284
370,390,308,0.989228447,0.980793444,0.990385333,0.990333168,0.998390796
371,391,309,-1,-1,-1,-1,-1
372,392,310,0.998114796,0.997531999,0.996699413,0.997857975,0.997444197
373,393,311,0.998157262,0.997611877,0.996765241,0.997919273,0.997526673
374,394,312,0.99816674,0.997583263,0.996776007,0.997894573,0.997509138
375,395,313,0.998286343,0.997770997,0.996937241,0.998052006,0.997702658
376,396,314,0.998322492,0.997876046,0.997062305,0.998159064,0.997829409
377,397,315,0.99853471,0.998155113,0.997362223,0.998414484,0.998144971
378,398,316,0.999021197,0.998049435,0.998246441,0.998400251,0.999549491
379,399,317,1,1,1,1,1
380,400,318,0.999514034,0.998958635,0.998878439,0.999335341,0.998827428
381,401,319,1,1,1,1,1
382,402,320,1,1,1,1,1
383,403,321,0.999085582,0.998627411,0.998055296,0.998799464,0.998676968
384,404,322,0.99938123,0.999043928,0.998720219,0.999267153,0.99917149
385,405,323,0.99935365,0.99898436,0.998695141,0.999224511,0.999104465
386,406,273,0.99999816,0.99999843,0.999999988,0.999999849,1
387,407,324,0.999901235,0.999614491,0.999562832,0.999632725,0.997991359
388,408,325,0.999764496,0.998959966,0.99883014,0.999096424,0.997792605
389,409,326,0.999352707,0.99866266,0.998648649,0.998869192,0.99829889
390,410,330,0.999952763,0.999938916,0.999948431,0.999948642,0.99995102
391,411,331,0.999958992,0.999934752,0.999957285,0.999951706,0.999948333
392,412,332,0.999914496,0.99985535,0.999928211,0.99991213,0.999925668
393,413,333,0.999915055,0.999844545,0.999936253,0.999905908,0.999938754
394,414,334,0.999917895,0.999839214,0.999930279,0.999905922,0.999929503
395,415,335,0.999899343,0.999809866,0.999914349,0.999901162,0.999925697
396,416,336,0.999900194,0.999808844,0.999932897,0.99990406,0.999945964
397,417,337,0.999896671,0.999800379,0.999921433,0.999896272,0.999927634
398,418,338,0.999889442,0.999799044,0.999914721,0.999891067,0.999911134
399,419,339,0.995797963,0.992823684,0.995916444,0.995960735,0.99918026
400,420,340,0.98883452,0.979051593,0.989399348,0.990076408,0.9977348
401,421,341,0.988974771,0.979941372,0.989638352,0.990336862,0.997846415
402,422,342,0.989001033,0.980970207,0.989624163,0.9905051,0.997844079
403,423,343,0.983062467,0.975767261,0.981600764,0.986229825,0.996314422
404,424,344,0.983192742,0.975835629,0.981621348,0.986276249,0.996306385
405,426,346,0.983294918,0.976209234,0.981954455,0.986415787,0.996459276
406,427,347,0.983119163,0.97643541,0.9821301,0.986282059,0.99657867
407,428,348,0.983006049,0.976952065,0.982651974,0.986382316,0.996798123
408,429,349,0.983272115,0.977153543,0.98283574,0.986629375,0.9968356
409,430,350,0.994889988,0.991767928,0.992325017,0.993383154,0.99873053
410,431,351,0.99510494,0.992431944,0.992691293,0.993838576,0.998841203
411,432,352,0.933801657,0.911371744,0.908135165,0.92376777,0.969159212
412,433,352,0.937367499,0.91087787,0.905176701,0.927051632,0.969600095
413,434,353,0.938832508,0.91252211,0.907573845,0.929142335,0.969873981
414,435,354,0.917017685,0.882794628,0.868281593,0.903313932,0.952328605
415,436,355,0.871488014,0.84426826,0.803815785,0.859715476,0.916974485
416,437,356,0.858818879,0.799270967,0.776497006,0.831574173,0.890340241
417,438,362,0.872687214,0.836008315,0.820765743,0.850278305,0.890126775
418,439,358,0.873874554,0.827754909,0.822494314,0.84625462,0.887839633
419,440,359,0.890448099,0.861677456,0.845303587,0.876460409,0.894662219
420,441,360,0.88634179,0.856903797,0.843432843,0.875041051,0.899682526
421,442,356,0.904412532,0.885026854,0.868196664,0.889678088,0.91605807
422,443,357,0.870451838,0.826851275,0.808667326,0.846385241,0.891515443
423,444,227,0.867982157,0.774448835,0.763118351,0.813454202,0.887565729
424,445,329,0.876797855,0.795316888,0.804932396,0.829502971,0.899402985
425,447,238,0.845695642,0.784082027,0.761056151,0.82056585,0.886633077
426,448,363,0.88118925,0.843621127,0.815736066,0.858479055,0.894939624
427,449,364,0.989116846,0.985802474,0.976566334,0.988729563,0.981665222
428,450,238,0.831855753,0.785335305,0.774138599,0.819108167,0.882598726
429,451,365,0.918705724,0.896208303,0.879477199,0.907624271,0.912720949
430,452,358,0.916477203,0.88094316,0.862563014,0.893585806,0.91102579
431,453,366,0.895862814,0.866063568,0.864004228,0.881475895,0.909377336
432,454,367,0.920969386,0.905316407,0.884947697,0.911691907,0.913084015
433,455,369,-1,-1,-1,-1,-1
434,456,370,0.998429474,0.997890078,0.997306837,0.997974143,0.997940762
435,457,396,-1,-1,-1,-1,-1
436,458,368,-1,-1,-1,-1,-1
437,459,371,0.998884693,0.99884893,0.998136785,0.99877869,0.998827276
438,460,372,0.998748618,0.998654716,0.99782995,0.998601902,0.998735112
439,461,373,0.997813837,0.997107648,0.995169155,0.997863862,0.996549281
440,462,374,0.998102738,0.997669599,0.995874341,0.998219402,0.997142957
441,463,375,0.997632767,0.997442738,0.995508308,0.99775406,0.99635484
442,464,445,0.987936286,0.98275987,0.97125389,0.987724824,0.977094768
443,465,377,0.993398694,0.991831292,0.986488472,0.993696749,0.989000225
444,466,378,0.995028534,0.993874604,0.98981844,0.994745584,0.992200757
445,467,379,0.998911885,0.998615873,0.99816932,0.998664257,0.99867834
446,468,380,0.998808317,0.998520942,0.997992722,0.998579546,0.998520615
447,469,381,0.998554783,0.99838849,0.997557575,0.998463512,0.998147978
448,470,443,0.999010788,0.999124719,0.998867717,0.99914627,0.999097633
449,471,442,0.993000912,0.991215674,0.986488036,0.992032987,0.992117471
450,472,385,0.981007116,0.975867372,0.972556689,0.976950839,0.977998162
451,473,367,0.990337084,0.989280672,0.98351143,0.989492936,0.987550599
452,474,382,0.999099094,0.999158456,0.998846706,0.999195573,0.999175149
453,475,387,-1,-1,-1,-1,-1
454,476,389,0.999095314,0.999296521,0.999086872,0.999335094,0.999464666
455,477,390,0.998150844,0.998491514,0.997150151,0.998621752,0.998657495
456,478,388,0.998264149,0.998558576,0.997273742,0.998689412,0.998739642
457,479,390,0.999018295,0.999098938,0.99856829,0.999322713,0.999218127
458,480,391,0.997585646,0.997683774,0.996359337,0.997932537,0.998034432
459,481,381,0.99471465,0.9948878,0.991774058,0.995238445,0.995453455
460,483,392,-1,-1,-1,-1,-1
461,484,400,0.997969431,0.997829533,0.997320555,0.997725994,0.997520707
462,485,394,-1,-1,-1,-1,-1
463,486,395,0.998982428,0.998953734,0.998381076,0.998887311,0.998898784
464,487,393,-1,-1,-1,-1,-1
465,488,397,-1,-1,-1,-1,-1
466,489,373,0.978545847,0.967029816,0.929832575,0.975326262,0.958854934
467,490,398,0.971123418,0.957345652,0.870100223,0.966393437,0.937854128
468,491,399,0.970658998,0.957086473,0.920623739,0.965795422,0.941081457
469,497,403,-1,-1,-1,-1,-1
470,498,409,0.997340906,0.997216543,0.996271952,0.996522762,0.99793419
471,499,406,0.997736811,0.998102395,0.997050128,0.997563841,0.998725606
472,500,384,0.991339545,0.989200086,0.984067293,0.990409248,0.990306748
473,501,444,0.99184611,0.989682779,0.98450994,0.990943444,0.991107144
474,502,408,-1,-1,-1,-1,-1
475,503,409,0.997038824,0.996952187,0.995140923,0.996898408,0.998506013
476,505,410,0.998406238,0.998553982,0.997465455,0.99830042,0.999226903
477,506,412,-1,-1,-1,-1,-1
478,507,404,-1,-1,-1,-1,-1
479,508,405,0.999119026,0.998982702,0.998609617,0.998911041,0.998759896
480,509,413,-1,-1,-1,-1,-1
481,511,464,0.964091772,0.945964667,0.781933385,0.955491669,0.896786257
482,512,417,0.964294758,0.946160531,0.782170526,0.955738654,0.896518816
483,513,418,0.963744729,0.945356206,0.780904825,0.955102261,0.893770265
484,515,420,0.963288176,0.944687471,0.809755584,0.954860853,0.894343839
485,516,421,0.968514538,0.950967143,0.864696802,0.961045959,0.909063085
486,517,422,0.970028115,0.953350386,0.886580642,0.963044272,0.916799067
487,522,425,0.973928525,0.958905843,0.915651313,0.967917514,0.930952953
488,523,428,0.984312663,0.97503335,0.955773905,0.983170799,0.963902462
489,527,327,-1,-1,-1,-1,-1
490,528,376,0.994716699,0.993104596,0.988493438,0.994270049,0.991860156
491,529,432,0,0,0,0,0
492,530,433,0,0,0,0,0
493,531,434,0,0,0,0,0
494,532,436,-1,-1,-1,-1,-1
495,537,384,0.998439944,0.998084001,0.997114745,0.998161155,0.99813634
496,539,440,0.997950386,0.997472467,0.996576206,0.997340554,0.997374504
497,542,440,0.999626023,0.999765672,0.999354604,0.999575013,0.999557548
498,543,376,0.985594761,0.978362812,0.961316651,0.985326007,0.969293673
499,544,386,-1,-1,-1,-1,-1
500,549,446,0.999994003,0.999990083,0.999978084,0.999989246,0.999975932
501,550,447,0.999997079,0.999957791,0.999910917,0.999969796,0.999978696
502,552,448,-1,-1,-1,-1,-1
503,553,449,0.997069404,0.996160345,0.99359858,0.996440491,0.99645379
504,555,451,-1,-1,-1,-1,-1
505,556,452,0.997342832,0.996390286,0.99415983,0.996416417,0.996878447
506,557,453,0.99733042,0.996320597,0.994205632,0.996396839,0.996735944
507,558,454,0.997296272,0.996375075,0.994107924,0.996473422,0.996775355
508,559,455,-1,-1,-1,-1,-1
509,560,456,-1,-1,-1,-1,-1
510,561,457,0.994239314,0.994870613,0.992317616,0.995248199,0.994933991
511,570,357,0.839558235,0.763880171,0.757506343,0.811573982,0.881121458
512,571,227,0.845306203,0.791788764,0.773182899,0.827813697,0.883863523
513,572,228,0.872142368,0.833467823,0.813399982,0.851490925,0.89213983
514,573,363,0.880823226,0.850303758,0.795238185,0.856450073,0.892913008
515,574,328,0.833675766,0.797781261,0.762409958,0.828912435,0.877740084
516,575,328,0.891205957,0.856157166,0.82389206,0.87467341,0.905947239
517,700,700,0.998419227,0.9982002,0.99874536,0.997948402,0.999860633
518,701,701,0.998449278,0.998226192,0.998813276,0.997983716,0.999863715
519,702,702,0.998408641,0.998175754,0.998768655,0.997897598,0.999858936
520,703,703,-1,-1,-1,-1,-1
521,704,704,0.999938138,0.999881399,0.99993993,0.999924518,0.999947974
522,705,705,0.988971857,0.979380127,0.989554399,0.990192895,0.997807582
