channel_id,channel_number,node,Jan,Feb,Mar,Apr,May,Jun,Jul,Aug,Sep,Oct,Nov,Dec
0,1,1,0.999863826,0.999888635,0.999926324,0.999966721,0.999955754,0.999951419,0.999985235,0.999975789,0.999986197,0.999988835,0.999976912,0.997902929
1,2,2,0.9997685,0.999783804,0.999892991,0.99993452,0.999929339,0.999911618,0.999747756,0.999908271,0.999914565,0.999945175,0.999805577,0.993635494
2,3,3,0.999621665,0.99962136,0.999838165,0.999928985,0.999919073,0.999903926,0.99885056,0.999706278,0.999683609,0.99978942,0.999441493,0.993150945
3,4,4,0.998071684,0.998110116,0.998897426,0.999904158,0.999779254,0.999901382,0.995019104,0.998554456,0.99805459,0.998031739,0.997380843,0.98410749
4,5,5,0.996972565,0.998296239,0.998980188,0.999875204,0.999709719,0.998879937,0.993388664,0.998278402,0.996835705,0.997355917,0.996393292,0.974659364
5,6,6,0.995334652,0.996006414,0.997374114,0.999769953,0.999363786,0.998780729,0.987270828,0.996318282,0.992677785,0.993569587,0.992881007,0.96372494
6,7,7,0.99567567,0.995908213,0.997187792,0.999596501,0.999137194,0.998803403,0.986315656,0.995970183,0.991627268,0.992964068,0.991991549,0.956669855
7,8,8,0.896441071,0.841405675,0.860181378,0.927011043,0.917677757,0.950223719,0.644190119,0.761141486,0.470315915,0.637268989,0.63038732,0.091031785
8,9,9,0.89272845,0.837857312,0.857088493,0.923599126,0.917453504,0.947886572,0.639956936,0.758042326,0.477995778,0.640146595,0.638669886,0.136870237
9,10,10,0.904363392,0.851660914,0.864503768,0.930790419,0.9213039,0.953823314,0.625875132,0.756450588,0.478943122,0.644417005,0.645703839,0.154799826
10,11,11,0.910981402,0.859168982,0.868839179,0.934929121,0.923348488,0.957369295,0.615197698,0.75672663,0.48251101,0.648534375,0.651708658,0.171540516
11,12,12,0.923628075,0.872856334,0.877525068,0.942894906,0.927286066,0.963455361,0.605558067,0.760907569,0.493327638,0.658577394,0.661499846,0.191284088
12,13,13,0.928786768,0.877843792,0.880662076,0.945870221,0.92898073,0.965941142,0.602477824,0.763783539,0.500035394,0.664515845,0.664977927,0.203682551
13,14,14,0.931368801,0.880340304,0.882383953,0.947303254,0.929885767,0.967143498,0.603050446,0.767675099,0.514162816,0.674182266,0.669000247,0.221035744
14,15,15,0.934250749,0.883084188,0.88422385,0.948857143,0.930982839,0.968444746,0.601821819,0.771083058,0.527329883,0.682762818,0.670576856,0.2312673
15,16,16,0.939358132,0.889883787,0.890729826,0.953508074,0.934089284,0.972614353,0.625293882,0.784777888,0.572378488,0.710746067,0.678442162,0.275524486
16,17,17,0.999952936,0.999964703,0.999980352,0.999981596,0.999979839,0.999969895,0.99999592,0.999997651,0.999999999,0.999999767,1,1
17,18,18,0.940895241,0.892438375,0.893540147,0.954834041,0.934865415,0.973076654,0.655173503,0.809846603,0.653503538,0.759347544,0.704519133,0.379588096
18,19,19,0.941055069,0.892807942,0.894097264,0.955208269,0.934972569,0.973124799,0.667977733,0.817428489,0.676954685,0.77077114,0.720636376,0.408371218
19,20,20,0.940967928,0.892709837,0.894256583,0.955511437,0.934964655,0.973094194,0.683617273,0.826214903,0.700218805,0.77836798,0.742587938,0.438816848
20,21,21,0.947504664,0.896124264,0.909264805,0.954361359,0.933799245,0.970450298,0.707580564,0.838018241,0.72541246,0.78644009,0.8116866,0.468381484
21,22,22,0.947646238,0.896670939,0.910020423,0.954825373,0.933957256,0.970610221,0.730081306,0.849565442,0.748408897,0.79732419,0.803813286,0.500714615
22,23,23,0.947949276,0.897362666,0.911077344,0.95540809,0.934238354,0.970775174,0.74844891,0.859149754,0.765822964,0.807645235,0.798330338,0.527612946
23,24,24,0.95586951,0.912365827,0.9252356,0.970463254,0.948239319,0.988284308,0.810533882,0.896415754,0.820162437,0.847010268,0.832628336,0.615375037
24,25,25,0.956248561,0.913644487,0.926971881,0.971082628,0.948664906,0.988436072,0.832799452,0.90480621,0.835799178,0.856126731,0.843691938,0.652995703
25,26,26,0.757572362,0.669270819,0.711573889,0.712704936,0.697725359,0.69027916,0.62125563,0.663837933,0.566080695,0.588872332,0.54808027,0.349520379
26,27,28,0.772117376,0.703625739,0.750772035,0.728081847,0.732099308,0.746650608,0.654684095,0.755762477,0.676395889,0.636539022,0.650229375,0.489995393
27,28,27,0.760155177,0.675209829,0.717883213,0.719166617,0.701214128,0.693534173,0.640825306,0.687483575,0.599809674,0.61251288,0.576344403,0.384426631
28,29,29,0.7762081,0.720511474,0.766269909,0.731024275,0.742618905,0.757330118,0.696997544,0.780497462,0.712649775,0.669478002,0.681572551,0.545895138
29,30,26,0.798555787,0.715573839,0.752599771,0.758725659,0.760212177,0.773275375,0.551031059,0.692963645,0.60151951,0.626692023,0.679774403,0.499084043
30,31,29,0.789370399,0.70965602,0.749459873,0.745515341,0.747806046,0.757082915,0.578618484,0.721021902,0.624637244,0.624421379,0.663623127,0.485051185
31,32,30,0.871692394,0.867083766,0.875457586,0.780550079,0.820848753,0.758682634,0.826971153,0.860550175,0.811461026,0.7372346,0.81917322,0.814982566
32,33,31,0.086563075,0,0,0,0,0.00E+00,0,0,0,0,0,0.064416171
33,34,30,0.684545016,0.600998171,0.641804926,0.613868349,0.640042214,0.648684687,0.441184519,0.603693884,0.534483086,0.541898957,0.575476571,0.447299717
34,35,31,0.485695448,0.447149291,0.499080717,0.267730447,0.378927877,0.434108823,0.358092759,0.522490158,0.462337337,0.446933094,0.417181103,0.301817155
35,36,32,0.631813853,0.614071358,0.675850202,0.536459487,0.585518607,0.621726448,0.4806113,0.619074418,0.576179741,0.538309471,0.592445278,0.485459749
36,37,33,0.651956416,0.613848194,0.680406468,0.544485238,0.575898154,0.619487683,0.538294218,0.664152445,0.628485914,0.578985297,0.628173568,0.514081563
37,38,34,0.603105358,0.591558885,0.637845359,0.438508936,0.520187513,0.559753365,0.45306658,0.595915723,0.570981827,0.534957146,0.567798303,0.471479811
38,39,35,0.560585432,0.56019635,0.576431602,0.335440948,0.423093624,0.474550672,0.44299049,0.571895329,0.530050465,0.487393963,0.499127031,0.409559384
39,40,36,0.569252159,0.577523566,0.591934878,0.351779379,0.443331237,0.487149168,0.469029168,0.586537844,0.546240748,0.495588928,0.509521133,0.423099525
40,41,35,0.660100693,0.669466092,0.667654165,0.450911601,0.530869881,0.523050197,0.630509864,0.673075635,0.637535774,0.539348754,0.578738535,0.506816415
41,42,37,0.604981658,0.615705474,0.63096372,0.385455479,0.476632291,0.502668445,0.547706467,0.63075881,0.592538388,0.51372601,0.540417529,0.457465172
42,43,38,0.622074456,0.414846525,0.43638203,0.276304488,0.359365051,0.302768851,0.449887072,0.580851807,0.555740158,0.506238641,0.502497006,0.444755841
43,44,39,0.680291776,0.487245477,0.493588708,0.317612129,0.402639375,0.360951313,0.497039135,0.609370564,0.585264105,0.522178991,0.530623671,0.466731457
44,45,40,0.64446534,0.652763736,0.676864508,0.448394894,0.494882993,0.519101825,0.592902506,0.661262014,0.647981884,0.60093526,0.630241539,0.533933991
45,46,41,0.654166396,0.671118138,0.689367825,0.469332105,0.515753075,0.531451843,0.620284623,0.674007397,0.664056795,0.613834372,0.642545584,0.54921552
46,47,42,0.664954823,0.683644441,0.683752956,0.467507232,0.511988778,0.523363425,0.627597853,0.680911362,0.675139681,0.621427247,0.64824722,0.556945385
47,48,43,0.68133938,0.672243905,0.719457955,0.542729945,0.549597941,0.550680448,0.640972345,0.70941187,0.703269147,0.658316708,0.675224709,0.583240571
48,49,469,0.668644483,0.678933147,0.715766462,0.509469617,0.524975778,0.532674837,0.695141986,0.725065718,0.708494092,0.650790842,0.666253963,0.566413569
49,50,45,0.690544394,0.707026164,0.720884638,0.51344397,0.534577976,0.543620248,0.740090298,0.746102938,0.729371226,0.6926399,0.699714214,0.593440945
50,51,461,0.69273471,0.702870208,0.725493586,0.513931058,0.542767336,0.555369793,0.759823938,0.769359786,0.750496542,0.724116877,0.718184906,0.603387431
51,52,46,0.714400768,0.733874708,0.746617703,0.559008232,0.573446434,0.573860285,0.783257943,0.776398381,0.758042032,0.734909967,0.733710187,0.632561712
52,53,47,0.748908692,0.793575066,0.791987182,0.621552057,0.620389286,0.586604707,0.82027268,0.798024776,0.772264168,0.742270174,0.743181215,0.675518435
53,54,8,0.895397039,0.829635628,0.847767338,0.930258758,0.89741993,0.959059005,0.557605834,0.806082483,0.422801756,0.59581916,0.565860012,0
54,55,48,0.890523182,0.822923921,0.844256999,0.92607213,0.895139759,0.957146102,0.550729925,0.806473346,0.417741898,0.590462849,0.557751629,0
55,56,49,0.899363751,0.83760792,0.853795532,0.930637485,0.902184017,0.960047136,0.550592855,0.808083464,0.42429598,0.590369059,0.556428998,0
56,57,50,0.906304579,0.847620461,0.860031735,0.934826918,0.906860704,0.962563694,0.548886386,0.80899798,0.427132691,0.589052958,0.553493539,0
57,58,51,0.912363431,0.856522357,0.865836639,0.938582548,0.910936205,0.964670468,0.548646207,0.809584265,0.429660425,0.587612477,0.550624527,0
58,59,52,0.900241561,0.838432871,0.844884893,0.918227233,0.89264137,0.953932714,0.504282617,0.782456484,0.355450518,0.55159245,0.51856893,0
59,60,53,0.901128969,0.840486525,0.846344158,0.918583318,0.894556795,0.954668108,0.500300715,0.782838061,0.353272723,0.548996881,0.514398488,0
60,61,54,0.921315739,0.856221847,0.856925131,0.927880406,0.901173121,0.960782942,0.484709904,0.78668313,0.356881227,0.553269659,0.515931741,0.0696393
61,62,55,0.924776857,0.860733663,0.86007215,0.930399581,0.904637501,0.962480112,0.483580242,0.787243718,0.358909795,0.55552363,0.514855858,0.115870959
62,63,56,0.854548918,0.792955228,0.775457627,0.854919529,0.899260834,0.887591976,0.580882581,0.730962437,0.687915115,0.562479477,0.551176452,0.339586483
63,65,169,0.859931954,0.734894555,0.744502652,0.830028184,0.896802522,0.937129895,0.593709912,0.758131337,0.705693384,0.576741762,0.581438819,0.347983981
64,66,169,0.863328181,0.723461381,0.718187328,0.816357151,0.90071976,0.93862402,0.55802311,0.727095935,0.620427826,0.504884574,0.505432708,0
65,67,57,0.891911043,0.779573434,0.778591312,0.916149741,0.918709843,0.961496707,0.562602103,0.713062863,0.633198791,0.507490628,0.501978099,0
66,68,58,0.904924739,0.798340102,0.796789236,0.921282622,0.918479725,0.960630755,0.255337424,0.67359094,0.548430303,0.449792941,0.417626043,0
67,69,57,0.867671756,0.845648766,0.835507403,0.880805299,0.909934914,0.910502646,0.564977026,0.762012572,0.658173505,0.577732337,0.561959799,0.137123326
68,70,59,0.907244444,0.828509441,0.834788895,0.958886469,0.940417504,0.967468451,0.29461556,0.678555035,0.558679483,0.455702427,0.442424628,0
69,71,60,0.909134751,0.831795986,0.836700363,0.959934313,0.940795586,0.96739048,0.280355579,0.673263012,0.562374311,0.454064111,0.431069155,0.071686414
70,72,61,0.910614064,0.836049947,0.839969513,0.960557511,0.941973655,0.966387435,0.255524924,0.670983679,0.573984028,0.465061321,0.427135205,0.23543325
71,73,62,0.911665449,0.841820227,0.842745654,0.959703721,0.945251437,0.964077605,0.234722162,0.675841998,0.58811061,0.482118105,0.433304218,0.347663848
72,74,63,0.914821149,0.846075564,0.849861731,0.965389267,0.944870376,0.965177167,0.265843188,0.695771213,0.626469865,0.504363062,0.441395391,0.369980262
73,75,64,0.916109951,0.850297141,0.853150913,0.966571545,0.945912052,0.964320258,0.280703462,0.698776467,0.646702596,0.516847938,0.459097199,0.419854732
74,76,65,0.919148417,0.858937886,0.857554456,0.969155134,0.949241475,0.962060198,0.291550276,0.701248182,0.666184728,0.529101175,0.479000864,0.498169354
75,77,66,0.921023118,0.863092165,0.861730787,0.971374008,0.949726238,0.961491907,0.346319493,0.70954336,0.698652572,0.547200459,0.503734889,0.531868193
76,78,67,0.922958083,0.868210258,0.86859166,0.973273089,0.950031319,0.96094859,0.478386762,0.728925626,0.742023208,0.577262808,0.531985282,0.587795727
77,79,68,0.92341689,0.869124483,0.870514942,0.973556482,0.950030302,0.961254511,0.488068209,0.730800592,0.751164374,0.585523526,0.541644807,0.593386025
78,80,69,0.925604943,0.875152554,0.873219051,0.974825463,0.962964236,0.937475518,0.569379082,0.816932515,0.814674701,0.671245569,0.687141963,0.634670027
79,81,70,0,0,0,0.00E+00,0.00E+00,0.00E+00,0.00E+00,0.00E+00,0.00E+00,0.00E+00,0.00E+00,0
80,82,71,0.410899892,0.203392392,0.256479287,0.067809961,0.158995337,0.260383536,0.00E+00,0,0.00E+00,0,0.00E+00,0.00E+00
81,83,44,0.666755114,0.674773126,0.712859388,0.50436192,0.519525531,0.530211846,0.690192104,0.723931115,0.70564023,0.647944671,0.663273847,0.562732409
82,84,73,0,0,0.00E+00,0.00E+00,0.00E+00,0.00E+00,0.00E+00,0.00E+00,0.00E+00,0.00E+00,0.00E+00,0.00E+00
83,85,74,0,0,0.00E+00,0.00E+00,0.00E+00,0.00E+00,0.00E+00,0.00E+00,0.00E+00,0.00E+00,0.00E+00,0.00E+00
84,86,75,0,0,0.00E+00,0.00E+00,0.00E+00,0,0.00E+00,0.00E+00,0.00E+00,0.00E+00,0.00E+00,0.00E+00
85,88,77,0,0,0.00E+00,0.00E+00,0.00E+00,0,0.00E+00,0.00E+00,0.00E+00,0.00E+00,0.00E+00,0.00E+00
86,89,78,0,0,0.00E+00,0.00E+00,0.00E+00,0,0.00E+00,0.00E+00,0.00E+00,0.00E+00,0.00E+00,0.00E+00
87,90,79,0,0,0.00E+00,0.00E+00,0.00E+00,0,0.00E+00,0.00E+00,0.00E+00,0.00E+00,0.00E+00,0.00E+00
88,91,80,0,0,0.00E+00,0.00E+00,0.00E+00,0,0.00E+00,0.00E+00,0.00E+00,0.00E+00,0.00E+00,0.00E+00
89,92,81,0,0,0.00E+00,0.00E+00,0.00E+00,0,0.00E+00,0.00E+00,0.00E+00,0.00E+00,0.00E+00,0.00E+00
90,94,82,0,0,0,0.00E+00,0,0,0.00E+00,0,0.00E+00,0.00E+00,0.00E+00,0.00E+00
91,95,84,0,0,0,0.00E+00,0,0,0.00E+00,0,0.00E+00,0.00E+00,0.00E+00,0.00E+00
92,96,85,0,0,0,0.00E+00,0,0,0.00E+00,0,0.00E+00,0.00E+00,0.00E+00,0.00E+00
93,97,86,0,0,0,0.00E+00,0,0,0,0,0.00E+00,0.00E+00,0,0.00E+00
94,101,88,0,0,0,0.00E+00,0,0,0,0,0.00E+00,0.00E+00,0,0.00E+00
95,102,89,0,0,0,0.00E+00,0,0,0,0,0.00E+00,0.00E+00,0,0.00E+00
96,104,90,0,0,0,0.00E+00,0,0,0,0,0.00E+00,0,0,0.00E+00
97,105,91,0,0,0,0.00E+00,0,0,0,0,0,0,0,0.00E+00
98,106,92,0,0,0,0.00E+00,0,0,0,0,0,0,0,0.00E+00
99,107,93,0.064150201,0,0,0.00E+00,0,0,0,0,0,0,0,0
100,108,93,0,0,0,0.00E+00,0,0,0,0,0,0,0,0
101,111,94,0,0,0,0.00E+00,0,0,0,0,0,0,0,0
102,114,98,0,0,0,0.00E+00,0,0,0,0,0,0,0,0
103,115,97,0.115847266,0,0,0,0,0,0.060148906,0.106869746,0.059449423,0.053533664,0,0
104,116,98,0.109481459,0,0,0.00E+00,0,0,0.130156742,0.20082691,0.13611647,0.124672163,0.065505173,0
105,117,99,0.181206318,0.063453465,0.072869998,0,0,0,0.146281675,0.240920574,0.17566712,0.154156616,0.099636563,0
106,118,100,0,0,0,0.00E+00,0,0,0,0,0,0,0,0
107,119,100,0.356504305,0.187300542,0.177520967,0,0.066745226,0.055235691,0.106898246,0.206789509,0.164896611,0.19830393,0.174763709,0.110336134
108,120,101,0.391941179,0.378361294,0.391909157,0.08328349,0.16263813,0.291771077,0.069465544,0.117378655,0,0,0.070649711,0
109,121,102,0.152933664,0,0.05348591,0,0,0,0.094059013,0.166908114,0.106869105,0.097168953,0.06148109,0
110,122,232,0.221856508,0.134787388,0.14412229,0,0.059128815,0,0.236738814,0.406086549,0.373642933,0.356679997,0.308369879,0.241811523
111,123,101,0.265853101,0.167541292,0.175581829,0.063888684,0.101737922,0,0.208005908,0.33528815,0.338819612,0.34476014,0.305040794,0.240963513
112,124,103,0.379486289,0.397804801,0.299264813,0.133288977,0.186821069,0,0.245179105,0.313982951,0.372217506,0.41530434,0.390143213,0.35551122
113,125,52,0.821149357,0.690286881,0.654404046,0.767966836,0.73571206,0.83622476,0.676659994,0.831850873,0.369800543,0.528551682,0.542772577,0.00E+00
114,126,104,0.831304494,0.707251975,0.666485975,0.779622549,0.746036749,0.850767676,0.649705771,0.834713438,0.351122977,0.534566686,0.553929318,0.00E+00
115,127,105,0.857073302,0.748799468,0.703115692,0.806077327,0.775204975,0.877201584,0.662185963,0.844429137,0.365878261,0.568975755,0.586556928,0
116,128,106,0.865782935,0.762120076,0.717102446,0.817728465,0.784679737,0.889982127,0.706065386,0.850226099,0.395863826,0.60318557,0.613427383,0
117,129,107,0.874660577,0.780309586,0.748637092,0.82806175,0.791577693,0.906830554,0.783678408,0.868444005,0.543428252,0.693055582,0.635657684,0.143907077
118,130,108,0.885646103,0.791341119,0.756487301,0.83490795,0.803843506,0.913852318,0.784542166,0.869738293,0.602507048,0.727702574,0.640754775,0.205178358
119,131,109,0.893640732,0.800646553,0.765295551,0.844534963,0.809112028,0.915877235,0.778249679,0.87168757,0.646167992,0.749404069,0.676070083,0.295421362
120,132,110,0.888785006,0.789230426,0.750762539,0.838954178,0.807480121,0.915564314,0.795576015,0.873555306,0.662787534,0.751670199,0.682280494,0.36123265
121,133,111,0.881334722,0.770815937,0.728678314,0.830293469,0.807877201,0.914045056,0.791912984,0.874078908,0.684783716,0.752304892,0.680968363,0.430561564
122,134,112,0.883198063,0.777242343,0.736051501,0.84004145,0.776622364,0.883327434,0.717874891,0.804576571,0.63595144,0.669428195,0.579254491,0.534403421
123,135,113,0,0,0,0.00E+00,0,0,0.00E+00,0.00E+00,0.00E+00,0.00E+00,0.00E+00,0.00E+00
124,136,114,0,0,0,0.00E+00,0,0,0.00E+00,0.00E+00,0.00E+00,0.00E+00,0.00E+00,0.00E+00
125,137,115,0,0,0,0.00E+00,0,0,0.00E+00,0.00E+00,0.00E+00,0.00E+00,0.00E+00,0.00E+00
126,138,116,0,0,0,0.00E+00,0,0,0.00E+00,0.00E+00,0.00E+00,0.00E+00,0.00E+00,0.00E+00
127,139,117,0,0,0,0.00E+00,0,0,0.00E+00,0,0.00E+00,0.00E+00,0.00E+00,0.00E+00
128,140,118,0,0,0,0.00E+00,0,0,0,0,0.00E+00,0.00E+00,0.00E+00,0.00E+00
129,141,118,0,0,0,0.00E+00,0,0,0.00E+00,0.00E+00,0.00E+00,0.00E+00,0.00E+00,0.00E+00
130,142,119,0,0,0,0.00E+00,0,0,0,0,0.00E+00,0.00E+00,0,0.00E+00
131,143,120,0,0,0,0.00E+00,0,0,0,0,0.00E+00,0.00E+00,0,0.00E+00
132,144,121,0.06241105,0,0,0,0,0,0,0,0.00E+00,0,0,0
133,145,123,0,0,0,0.00E+00,0.00E+00,0,0,0,0,0,0.00E+00,0.00E+00
134,146,122,0.162101291,0.196470057,0.151442576,0,0.134920724,0.119426952,0.499941939,0.451938676,0.290373584,0.217866244,0.170488472,0.142737023
135,147,123,0,0,0,0.00E+00,0,0,0,0,0,0,0,0
136,148,122,0,0,0,0.00E+00,0,0,0,0,0.00E+00,0,0,0
137,149,124,0,0,0,0.00E+00,0,0,0,0,0,0,0,0
138,150,125,0.059918368,0,0,0.00E+00,0,0,0,0,0,0,0,0
139,151,126,0.063309962,0,0,0.00E+00,0,0,0,0,0,0,0,0
140,152,127,0.135278315,0.052995242,0,0,0,0,0,0.109708961,0.06907812,0.104289613,0.083126771,0.063067505
141,153,128,0.141933538,0.05763945,0.052655053,0,0,0,0.052076913,0.125905119,0.086574486,0.122577236,0.098662623,0.073223394
142,154,129,0.057941621,0,0,0.00E+00,0,0.00E+00,0,0,0,0,0,0
143,155,130,0.056825187,0,0,0,0,0.00E+00,0.07991771,0.149480377,0.120767708,0.136244663,0.095719693,0
144,156,130,0.091225183,0,0,0,0,0,0.071737472,0.15224834,0.125934764,0.155609626,0.119732691,0.084384943
145,157,131,0.070300702,0,0,0,0,0.00E+00,0.070105761,0.14540878,0.129187448,0.162621432,0.126469914,0.075342401
146,158,131,0.073809465,0,0,0,0,0,0.303214574,0.365096725,0.250033814,0.214364743,0.144065281,0.083000229
147,159,132,0.091202747,0,0,0,0,0,0.086652804,0.173076037,0.148753836,0.174572567,0.134672267,0.088882594
148,160,133,0.147795519,0.08421612,0.056305583,0.00E+00,0,0.00E+00,0,0,0,0,0,0
149,161,133,0.431269349,0.272589804,0.289027202,0.09677957,0.127339937,0.09227604,0.36590097,0.481139398,0.411878922,0.373807434,0.33567302,0.271913595
150,162,134,0.460989586,0.424187003,0.480356872,0.221920078,0.350364148,0.325418575,0.430074964,0.296583412,0.17810263,0.205290718,0.23063934,0.230458121
151,163,134,0.643740599,0.540835055,0.52873926,0.253220132,0.336824144,0.350009449,0.569054662,0.613329785,0.551686794,0.453858517,0.461753243,0.390953195
152,164,144,0.217294766,0.05346934,0.062584875,0,0,0,0.06098506,0.097495807,0,0,0,0
153,165,135,0.231767927,0.061374212,0.072195896,0,0,0,0.077359982,0.12249057,0.070727203,0.06744563,0,0
154,166,136,0.307012293,0.169422951,0.176625044,0,0.058799726,0,0.203206664,0.294800568,0.248452977,0.248548322,0.197052136,0.144760375
155,167,137,0.319433416,0.18121744,0.188627426,0,0.064983143,0,0.220678106,0.320511975,0.277713539,0.273986943,0.220358509,0.162975003
156,168,136,0.15935612,0,0,0,0,0,0.126734222,0.198168395,0.162615554,0.162026349,0.106851102,0
157,169,16,0.92556833,0.87437419,0.872113588,0.929551645,0.919104287,0.948390649,0.592781938,0.758929403,0.482790998,0.646214207,0.608641779,0.123137681
158,170,138,0.926707976,0.871645212,0.872822324,0.932642531,0.918824806,0.94713956,0.574541003,0.764355544,0.494701496,0.653529569,0.625360942,0.136113223
159,171,139,0.926063541,0.871126857,0.873594167,0.93375368,0.917899193,0.946471212,0.652976923,0.811485017,0.647337386,0.754110133,0.702616072,0.362873702
160,172,140,0.090509001,0,0,0,0,0.00E+00,0,0.085615617,0.067308477,0.107775908,0.105288955,0.089713604
161,173,141,0.073350439,0,0,0,0,0.00E+00,0,0,0,0.052761415,0.054241679,0.055986663
162,174,142,0.061851039,0,0,0,0,0.00E+00,0,0,0,0,0,0
163,175,143,0,0,0,0.00E+00,0,0.00E+00,0,0,0.00E+00,0.00E+00,0,0
164,176,144,0,0,0,0.00E+00,0,0.00E+00,0,0,0.00E+00,0,0,0
165,177,145,0,0,0,0.00E+00,0,0,0,0,0,0,0,0
166,178,124,0,0,0,0.00E+00,0,0,0,0,0,0,0,0
167,179,125,0.05100396,0,0,0.00E+00,0,0,0,0,0.00E+00,0,0,0
168,180,146,1,1,1,1,1,1,1,1,1,1,1,1
169,181,147,0.973898254,0.970093839,0.976640434,0.97224046,0.976850293,0.974804278,0.987092023,0.987643106,0.974553643,0.975241794,0.976448256,0.974111047
170,182,148,0.981386167,0.969652059,0.979712401,0.974379407,0.974257953,0.973405858,0.985986802,0.987614578,0.973741768,0.974321378,0.975662303,0.97366243
171,183,149,0.971879734,0.945567853,0.954912406,0.958977013,0.978771892,0.952383427,0.969149865,0.9711626,0.972255704,0.959407497,0.951617584,0.969618948
172,184,150,1,1,1,0.999999792,1,1,1,1,1,1,1,1
173,185,151,1,1,1,1,1,1,1,1,1,1,1,1
174,186,152,0.972190796,0.985510398,0.987754115,0.968808189,0.976224974,0.968888446,0.983232321,0.986680793,0.984847893,0.985768748,0.98799698,0.975031051
175,187,153,0.973350921,0.986762267,0.985290946,0.960888423,0.973421169,0.969669,0.982052087,0.982302948,0.978501084,0.983539261,0.989002662,0.974569698
176,188,154,0.971500396,0.986282011,0.977413396,0.954534799,0.970251576,0.970261212,0.980616165,0.981473291,0.972705034,0.982146352,0.98933153,0.975372841
177,189,155,0.970673111,0.97760392,0.985265477,0.97232623,0.973644434,0.962924076,0.983313207,0.985810268,0.988393537,0.98568555,0.989357246,0.975271834
178,190,156,0.970329629,0.979062734,0.984095573,0.964023721,0.97095946,0.964207645,0.981775425,0.983909524,0.98556744,0.983935794,0.990091272,0.97547988
179,191,157,0.969210599,0.978253886,0.981811467,0.955687574,0.969086389,0.964122404,0.980752464,0.982306446,0.98112123,0.982849082,0.990537507,0.975448091
180,192,158,0.969049198,0.978887214,0.979959857,0.951714773,0.968846121,0.9641483,0.980023486,0.981198316,0.9776399,0.982183982,0.99109813,0.975657146
181,193,159,0.970338191,0.981478795,0.98166733,0.954947329,0.969733173,0.96563043,0.979517044,0.981806917,0.980291335,0.982068971,0.991218639,0.975346997
182,194,160,0.969909111,0.980966854,0.980208583,0.952485083,0.969425261,0.965430267,0.979020552,0.981025911,0.977848225,0.981675068,0.991385271,0.975385031
183,195,5,0.952508025,0.97586011,-1,-1,0.967680626,0.973714635,-1,-1,-1,-1,-1,-1
184,196,162,0.95252299,0.969943355,0.962557753,0.967841974,0.97827416,0.974061595,0.98526771,0.981753776,0.971854502,0.950308055,0.932296828,0.903824203
185,197,163,0.95268699,0.963556122,0.949227754,0.952202041,0.96611228,0.975873196,0.985160053,0.966890074,0.9634744,0.941354108,0.927358649,0.928524889
186,198,164,0.952374594,0.963168029,0.942616046,0.910326174,0.94846851,0.97723408,0.97572015,0.946378571,0.942033748,0.938626174,0.928129999,0.932056607
187,199,165,0.952136181,0.962920159,0.922800696,0.881721772,0.928721976,0.978390506,0.977681716,0.939551862,0.931598566,0.936128858,0.927964606,0.939599536
188,201,166,-1,-1,-1,-1,-1,-1,-1,-1,-1,-1,-1,-1
189,202,167,0.937333515,0.942156635,0.877635644,0.837193981,0.916751632,0.918258008,0.958192675,0.913278277,0.897996488,0.918875762,0.91638472,0.907279487
190,203,168,0.936754796,0.94132296,0.887973901,0.839638686,0.911974934,0.914658554,0.958011504,0.909627644,0.892875565,0.920730508,0.919214437,0.896989061
191,204,170,1,1,1,1,1,1,1,1,1,1,1,1
192,205,56,0.930482408,0.878435137,0.873277049,0.929390343,0.908663573,0.948799634,0.690257158,0.832450777,0.43444869,0.680156494,0.620342012,0.419343688
193,206,171,0.93396031,0.882419631,0.876658557,0.9339532,0.909098079,0.950225154,0.705103899,0.83462948,0.471817567,0.696296189,0.640402651,0.421120886
194,207,172,0.935438945,0.884700387,0.878676049,0.935386433,0.911766551,0.954777907,0.790459871,0.869288095,0.565809065,0.750014435,0.708450007,0.457875237
195,208,173,0.93644322,0.886932229,0.880723255,0.936570807,0.914937951,0.956940766,0.808787187,0.877602312,0.595374017,0.768469059,0.728525193,0.49108355
196,209,174,0.937848309,0.888790034,0.882455971,0.938449371,0.916172463,0.957861614,0.799915576,0.876917804,0.613415289,0.775208427,0.733802529,0.501739913
197,210,175,0.939524003,0.891604914,0.885151655,0.940632221,0.919353328,0.960134235,0.814501783,0.882909267,0.645714335,0.791561715,0.752733695,0.531694754
198,211,176,0.941905022,0.895193911,0.88877371,0.943861289,0.923174446,0.962803414,0.825441261,0.887761548,0.676148906,0.806470401,0.771060758,0.559392487
199,212,177,0.943377298,0.897096537,0.890690673,0.945993624,0.924485218,0.963800587,0.82215905,0.887527213,0.695666789,0.812161384,0.777097141,0.568977687
200,213,178,0.94645991,0.901293913,0.895219709,0.950364665,0.928389161,0.966599282,0.826444445,0.891555359,0.731878627,0.826338357,0.791780625,0.595747574
201,214,179,0.00E+00,0.00E+00,0.00E+00,0.00E+00,0.00E+00,0,0.00E+00,0.00E+00,0.00E+00,0.00E+00,0.00E+00,0
202,215,223,0.724705746,0.706811585,0.669993852,0.386216506,0.4615163,0.507572132,0.798500125,0.734464912,0.682860017,0.623965419,0.650823703,0.588044411
203,216,181,-1,-1,-1,-1,-1,-1,-1,-1,-1,-1,-1,-1
204,217,72,0,0,0.00E+00,0.00E+00,0.00E+00,0.00E+00,0.00E+00,0.00E+00,0.00E+00,0.00E+00,0.00E+00,0.00E+00
205,218,182,0,0,0.00E+00,0.00E+00,0.00E+00,0.00E+00,0.00E+00,0.00E+00,0.00E+00,0.00E+00,0.00E+00,0.00E+00
206,219,183,0,0,0.00E+00,0.00E+00,0.00E+00,0.00E+00,0.00E+00,0.00E+00,0.00E+00,0.00E+00,0.00E+00,0.00E+00
207,220,184,0,0,0.00E+00,0.00E+00,0.00E+00,0.00E+00,0.00E+00,0.00E+00,0.00E+00,0.00E+00,0.00E+00,0.00E+00
208,221,183,0,0,0.00E+00,0.00E+00,0.00E+00,0.00E+00,0.00E+00,0.00E+00,0.00E+00,0.00E+00,0.00E+00,0.00E+00
209,222,185,0,0,0.00E+00,0.00E+00,0.00E+00,0.00E+00,0.00E+00,0.00E+00,0.00E+00,0.00E+00,0.00E+00,0.00E+00
210,223,186,0,0,0.00E+00,0.00E+00,0.00E+00,0.00E+00,0.00E+00,0.00E+00,0.00E+00,0.00E+00,0.00E+00,0.00E+00
211,224,185,0,0,0.00E+00,0.00E+00,0.00E+00,0.00E+00,0.00E+00,0.00E+00,0.00E+00,0.00E+00,0.00E+00,0.00E+00
212,225,187,0,0,0.00E+00,0.00E+00,0.00E+00,0.00E+00,0.00E+00,0.00E+00,0.00E+00,0.00E+00,0.00E+00,0.00E+00
213,226,113,0,0,0.00E+00,0.00E+00,0.00E+00,0.00E+00,0.00E+00,0.00E+00,0.00E+00,0.00E+00,0.00E+00,0.00E+00
214,227,188,0,0,0.00E+00,0.00E+00,0.00E+00,0.00E+00,0.00E+00,0.00E+00,0.00E+00,0.00E+00,0.00E+00,0.00E+00
215,228,189,0,0,0.00E+00,0.00E+00,0.00E+00,0.00E+00,0.00E+00,0.00E+00,0.00E+00,0.00E+00,0.00E+00,0.00E+00
216,229,190,0,0,0.00E+00,0.00E+00,0.00E+00,0.00E+00,0.00E+00,0.00E+00,0.00E+00,0.00E+00,0.00E+00,0.00E+00
217,230,191,0,0,0.00E+00,0.00E+00,0.00E+00,0.00E+00,0.00E+00,0.00E+00,0.00E+00,0.00E+00,0.00E+00,0.00E+00
218,231,192,0,0.00E+00,0.00E+00,0.00E+00,0.00E+00,0.00E+00,0.00E+00,0.00E+00,0.00E+00,0.00E+00,0.00E+00,0.00E+00
219,232,72,0,0,0.00E+00,0.00E+00,0.00E+00,0.00E+00,0.00E+00,0.00E+00,0.00E+00,0.00E+00,0.00E+00,0.00E+00
220,233,117,0,0,0,0.00E+00,0,0.00E+00,0,0,0,0,0,0
221,234,194,0,0,0,0.00E+00,0.00E+00,0.00E+00,0,0,0.00E+00,0.00E+00,0,0.00E+00
222,235,195,0,0,0.00E+00,0.00E+00,0.00E+00,0.00E+00,0.00E+00,0.00E+00,0.00E+00,0.00E+00,0.00E+00,0.00E+00
223,236,82,0.133373991,0.085531902,0.087987693,0,0,0,0.15210978,0.226571637,0.229595342,0.259529296,0.250679289,0.174241888
224,237,196,0.114477033,0.064999858,0.067032396,0,0,0,0.125019736,0.181996009,0.180092002,0.220674977,0.216236257,0.136478278
225,238,197,0.057914942,0,0,0.00E+00,0,0,0.060047969,0.084497017,0.067868665,0.12256777,0.058916584,0
226,239,198,0,0,0,0.00E+00,0,0,0,0,0,0,0,0.00E+00
227,240,199,0,0,0,0.00E+00,0,0,0,0,0,0,0,0
228,241,200,0.056585436,0,0,0.00E+00,0,0,0,0,0,0,0,0
229,242,201,0.071366024,0,0,0.00E+00,0,0,0,0,0,0,0,0
230,243,202,0.089686926,0,0,0.00E+00,0,0,0,0.066452864,0,0,0,0
231,244,203,0.122595681,0.124714024,0.073769528,0,0,0,0.324061049,0.41858384,0.18989181,0.204818826,0.154531976,0.094207234
232,245,204,0.887655126,0.933595244,0.811729492,0.818362269,0.820194302,0.781219818,0.968404925,0.965738148,0.849242402,0.829829628,0.80581446,0.784947857
233,246,205,0.849048856,0.917594506,0.601821658,0.76006289,0.765098082,0.650309377,0.963649626,0.959581511,0.61199534,0.613069416,0.572737135,0.498024615
234,247,206,0.999999318,0.999998115,1,0.999996997,0.999999959,0.999997825,0.999994955,0.999994863,1,1,1,1
235,248,129,0.723827874,0.749927292,0.811742327,0.614834746,0.629679229,0.686260415,0.737261263,0.751225499,0.671194409,0.598391604,0.673833205,0.577443319
236,249,207,0.728148404,0.756630417,0.81556196,0.6197709,0.637320654,0.691811481,0.744444313,0.755212605,0.679712967,0.605101916,0.680775681,0.583702984
237,250,208,0.063584934,0,0,0,0,0,0,0,0,0,0,0.056777591
238,251,208,0.516523627,0.318617294,0.290853812,0.087762568,0.138420503,0.134970131,0.209918533,0.327850769,0.278286976,0.300280729,0.266100802,0.176341371
239,252,209,1,1,1,1,1,1,1,1,1,1,1,1
240,253,210,0.947419481,0.925012541,0.939391565,0.908652015,0.905905224,0.889723269,0.941691903,0.965425917,0.945490528,0.937936164,0.936893065,0.902122837
241,254,211,0.938358345,0.92552276,0.930034521,0.899902572,0.900583019,0.899931951,0.943889681,0.96741357,0.943727433,0.947928478,0.93928263,0.913394221
242,255,212,0,0,0.00E+00,0.00E+00,0.00E+00,0,0.00E+00,0.00E+00,0.00E+00,0.00E+00,0.00E+00,0.00E+00
243,257,212,0,0,0.00E+00,0.00E+00,0.00E+00,0,0.00E+00,0.00E+00,0.00E+00,0.00E+00,0.00E+00,0.00E+00
244,258,121,0,0,0,0.00E+00,0,0.00E+00,0,0,0.00E+00,0,0,0
245,259,213,0,0,0,0.00E+00,0.00E+00,0.00E+00,0,0,0.00E+00,0.00E+00,0,0.00E+00
246,260,76,0.808134237,0.821926534,0.802011334,0.671985851,0.716528345,0.726556019,0.906350554,0.879506107,0.84890841,0.815669661,0.833501583,0.828029146
247,261,205,0.237448526,0.287123353,0.293302223,0.14259432,0.24973478,0.1742243,0.524375016,0.564029483,0.465127077,0.477214268,0.388457872,0.258153363
248,262,215,0.659577045,0.667000149,0.634648437,0.356507152,0.380188561,0.387958375,0.616837276,0.594650008,0.573609701,0.490211499,0.533060639,0.466997538
249,263,215,0.721546967,0.687204034,0.644781978,0.413654432,0.440242844,0.406055495,0.704631146,0.657717283,0.64111927,0.555594352,0.60041815,0.541669983
250,264,102,0.499997011,0.433811329,0.374091918,0.08278739,0.140915881,0.195231971,0.338738103,0.447144115,0.348590589,0.311318599,0.257310737,0.150092112
251,265,216,0.619040532,0.635708381,0.605856314,0.297112415,0.332566315,0.380105716,0.648217275,0.593983923,0.558840991,0.458557667,0.496195266,0.417912204
252,266,217,0.659869501,0.665901414,0.631838593,0.335633265,0.385961889,0.401942972,0.688031088,0.601802119,0.570933328,0.493374185,0.539051606,0.466983592
253,267,217,0.63820847,0.64346985,0.613328863,0.309372501,0.349741039,0.394078876,0.669339465,0.631341724,0.588386149,0.483863355,0.52145055,0.439066018
254,268,216,0.541380481,0.317597103,0.249676916,0.092528979,0.144014717,0.133364113,0.346549843,0.481089387,0.439478559,0.46567392,0.399341567,0.265762588
255,269,219,0.631007108,0.570903051,0.542060509,0.258895498,0.315680167,0.347709158,0.618695493,0.683421747,0.625511021,0.539967219,0.527780935,0.42373862
256,270,220,0.717176541,0.628312681,0.600179594,0.376737384,0.42730318,0.411964313,0.726495014,0.744970436,0.715110317,0.642120855,0.65017376,0.560098815
257,271,222,0.319627617,0.288286681,0.215014386,0.128505913,0.191971657,0.139678457,0.511596998,0.42666015,0.391729562,0.437703468,0.436977272,0.341005486
258,272,221,0.425911491,0.348524354,0.338256778,0.193045108,0.252041638,0.182637159,0.565351724,0.587122793,0.572878183,0.593058121,0.556542074,0.478611614
259,273,218,0.677322159,0.672062397,0.640952651,0.364415261,0.404038743,0.413924517,0.71053165,0.64257283,0.611563573,0.514399487,0.556748899,0.484420464
260,274,222,0.730577347,0.727150039,0.693109511,0.446253109,0.473676229,0.483015709,0.76969674,0.683678164,0.640849545,0.573567338,0.614039637,0.555728923
261,275,223,0.794395427,0.673059735,0.695384718,0.533167212,0.575782397,0.522086036,0.757604461,0.823361384,0.775789997,0.757362889,0.758048938,0.689170241
262,276,103,0.583368684,0.618257204,0.634432047,0.336914306,0.387140717,0.469433084,0.648162577,0.698164599,0.631055044,0.538211512,0.541706833,0.433031856
263,277,224,0.647371856,0.664832467,0.635154507,0.351669071,0.408780089,0.453030137,0.703167286,0.714088956,0.667021904,0.561064252,0.580309824,0.481176445
264,278,225,0.692771581,0.671592573,0.639029328,0.362923287,0.428636371,0.459209973,0.733772914,0.717123904,0.672462672,0.585059193,0.604468719,0.511664145
265,279,226,0.679613922,0.697325164,0.668637067,0.407465957,0.465817027,0.494383695,0.743437516,0.734802941,0.695312955,0.6150454,0.631484253,0.531654068
266,280,42,0.7402789,0.740858403,0.745860106,0.586614232,0.616212791,0.639838416,0.704520381,0.777116242,0.71563639,0.703441392,0.691316041,0.562705386
267,281,354,0.677265571,0.68075772,0.553301508,0.534684892,0.461191713,0.447354287,0.732733447,0.778042938,0.732111545,0.737512896,0.691743027,0.56386603
268,282,459,0.414293359,0.553206755,0.482452549,0.407987904,0.451788654,0.461218913,0.721359939,0.760441268,0.725192107,0.693041169,0.622357118,0.48525886
269,283,460,0.781431573,0.759953872,0.710489387,0.483771672,0.568159718,0.629817301,0.848833449,0.778702307,0.733699915,0.701654595,0.742707703,0.713138724
270,284,461,0.688816547,0.712538609,0.718701455,0.505219827,0.533268942,0.545063448,0.743842039,0.752017604,0.738269769,0.698433628,0.699357927,0.592092461
271,285,462,0.499325023,0.400643587,0.432617733,0.365034469,0.499574632,0.456370772,0.565161846,0.607577303,0.669852427,0.744613306,0.702057754,0.631938213
272,286,355,0.560253029,0.384665187,0.444865267,0.350365741,0.495129915,0.456295217,0.618085304,0.694725025,0.724752632,0.770493354,0.715901186,0.634883941
273,287,47,0.808900076,0.843752352,0.828899111,0.684360494,0.713210964,0.702158864,0.874229953,0.843985502,0.813316835,0.787627224,0.803370104,0.780720473
274,288,463,0.817100111,0.851255481,0.832435723,0.70084152,0.740139604,0.73002701,0.882446664,0.861570737,0.831807108,0.812336829,0.829337674,0.804989266
275,289,463,0.807815519,0.850260325,0.846634758,0.701041878,0.685312589,0.620934773,0.853372254,0.817038,0.792419289,0.778200723,0.768333483,0.747798369
276,290,464,0.853029267,0.861671964,0.874839428,0.788292846,0.76882774,0.699880823,0.851004994,0.844776724,0.832722301,0.822950684,0.819311836,0.773602088
277,291,465,0.850492887,0.859539548,0.872509965,0.784892413,0.767114334,0.703465394,0.854009426,0.849088127,0.836094589,0.826415527,0.820738203,0.775192314
278,292,466,0.950231976,0.962202786,0.93431652,0.92535873,0.940154652,0.937242257,0.974336839,0.9622295,0.962613216,0.953758195,0.953040344,0.953522882
279,293,465,0.8103737,0.842140889,0.815614193,0.749278662,0.786689711,0.764303564,0.903500396,0.908169204,0.892327443,0.889736968,0.877726969,0.802056193
280,294,466,0.928149716,0.938255705,0.911719354,0.839592688,0.867923955,0.875534678,0.944663675,0.908300302,0.870864504,0.874705594,0.890212235,0.917669378
281,295,471,0.918431041,0.92707975,0.92419613,0.882834429,0.897021128,0.866916283,0.942870924,0.922871537,0.913714774,0.907588611,0.9157561,0.917092699
282,296,470,0.89698952,0.907311502,0.897761181,0.855472675,0.862937466,0.818022316,0.925015706,0.926658698,0.898324388,0.8990205,0.893366764,0.861894964
283,297,459,0.869793892,0.874808533,0.880494723,0.800557902,0.76949751,0.682197777,0.809374049,0.784004539,0.721600645,0.768788792,0.761469826,0.761661827
284,299,460,0.622261111,0.568125816,0.465111138,0.476027407,0.492336197,0.453111297,0.463859756,0.522998741,0.533804596,0.533426989,0.528697679,0.530474673
285,300,467,0.741412815,0.759761806,0.76431029,0.597693609,0.605602195,0.599806679,0.806215536,0.787285323,0.767838485,0.745200356,0.746441685,0.662018556
286,301,470,0.896907181,0.907781803,0.904285694,0.871687608,0.883168486,0.846721512,0.935271895,0.917333915,0.906862765,0.900838044,0.890124249,0.883394754
287,307,239,0.995423565,0.99627156,0.996133874,0.994450135,0.997906434,0.993011732,0.996974424,0.995632366,0.997707791,0.996537559,0.998555847,0.997808588
288,308,240,0.995396909,0.99627364,0.996101956,0.994425369,0.99792644,0.993017726,0.996964265,0.995670953,0.997716209,0.996547417,0.998563937,0.997796463
289,309,240,0.471533338,0.552838574,0.551184641,0.438006947,0.435701398,0.437552611,0.657006122,0.675533013,0.659099055,0.58326053,0.604645324,0.522452711
290,310,43,0.473477445,0.546232913,0.554979708,0.440478376,0.441661737,0.435367997,0.64713282,0.658331854,0.643400324,0.568218682,0.598962067,0.527234826
291,311,241,0.773441129,0.62859785,0.676006381,0.683651713,0.73608667,0.718920429,0.265976232,0.471006397,0.252073376,0.446318786,0.360030956,0.093506601
292,312,241,0.766055343,0.626215906,0.659077075,0.683212454,0.739949429,0.707071227,0.251082195,0.469783017,0.245479247,0.444142985,0.365379888,0.09597921
293,313,242,0.916985445,0.903045637,0.927390424,0.907973507,0.896260642,0.930739086,0.893591765,0.915898429,0.880014998,0.848103717,0.865944035,0.815526003
294,314,243,0.739489921,0.696791989,0.644680807,0.581273247,0.546709035,0.356029648,0.655072574,0.650252992,0.616004435,0.659744725,0.688482734,0.672231706
295,315,244,0.581075722,0.447489451,0.4692425,0.489757904,0.556254804,0.588466826,0.179696649,0.349347807,0.288580939,0.44081963,0.346847617,0.286468039
296,316,244,0.980123009,0.983991797,0.987720861,0.989710024,0.988695552,0.958742452,0.986332933,0.969218561,0.98298636,0.978239723,0.981838676,0.981014514
297,317,246,0.77856655,0.408408612,0.631338289,0.580259161,0.698057575,0.592703502,0.624804065,0.721641395,0.671047393,0.706311711,0.709844694,0.666969716
298,318,247,0.411195188,0.305997954,0.176326375,0.411280857,0.466712485,0.258599663,0,0,0,0.258469866,0.298553091,0.423395519
299,319,245,0.253307005,0.342913013,0.27902476,0.24305644,0.325353761,0.124430176,0.277983723,0.293161936,0.196901902,0.32891668,0.180848911,0.215969876
300,320,246,0.740982504,0.461023932,0.681821975,0.61680638,0.663695568,0.682667245,0.715002024,0.732915238,0.692460603,0.716435053,0.705791964,0.666165601
301,321,248,0.432996236,0.401160453,0.306349074,0.467027386,0.514120546,0.378420489,0.320800825,0.43282459,0.382777288,0.582698244,0.589577644,0.560562054
302,322,250,0.47914417,0.466948297,0.387514949,0.485240294,0.534183015,0.399793706,0.441242274,0.546168326,0.502705808,0.643673022,0.637178213,0.60008188
303,323,268,0.857531589,0.796316491,0.721016947,0.626871079,0.758874133,0.596555069,0.433195944,0.406938107,0.336318432,0.705631482,0.690121486,0.637688454
304,324,249,0.859433304,0.794611983,0.721575344,0.636781407,0.762010018,0.601163144,0.449497599,0.452537573,0.390424064,0.724466282,0.709462908,0.656981947
305,325,250,0.949551428,0.948016941,0.951009792,0.930832406,0.943761835,0.975852743,0.970408012,0.978731863,0.978025543,0.9799705,0.97333677,0.959560548
306,326,245,0.657863508,0.674263181,0.731646648,0.52224033,0.582386538,0.637516688,0.625378144,0.692087876,0.656140938,0.610024408,0.666059035,0.56090766
307,327,251,0.66762087,0.686066775,0.736860099,0.529735032,0.587588695,0.64159181,0.64091718,0.701526942,0.672134569,0.619959967,0.674024857,0.573017521
308,328,252,0.695229328,0.725713389,0.75729507,0.561911759,0.616256422,0.65794433,0.689859421,0.729752903,0.707974946,0.65071817,0.697375482,0.609092351
309,329,253,0.99446698,0.994425522,0.991116946,0.995778409,0.988630009,0.992471364,0.996528788,0.996722011,0.990604633,0.993084596,0.992902234,0.992132413
310,330,254,0.993586278,0.99403809,0.989635043,0.995391176,0.987819504,0.99222966,0.996457686,0.996512147,0.990556668,0.993682364,0.99355001,0.991767598
311,331,255,0.975621759,0.992191299,0.990475017,0.994865029,0.987789454,0.854212222,0.817704109,0.696391038,0.737573917,0.928133483,0.938670726,0.945670533
312,332,256,0.981393312,0.995141015,0.995948004,0.992653634,0.992306883,0.909532558,0.831618795,0.697265072,0.746103739,0.928696998,0.940223668,0.946108976
313,333,256,0.991325134,0.993680139,0.989703276,0.988434463,0.985523293,0.936311063,0.855293776,0.739438369,0.758190054,0.933138538,0.941817607,0.945234889
314,334,257,0.999688605,0.999712293,0.999812989,0.99989704,0.999882308,0.99981441,0.998758019,0.999198122,0.999514008,0.999777417,0.999829986,0.999199252
315,335,258,0.999715923,0.999740805,0.999790593,0.999884432,0.99987724,0.999820317,0.997472367,0.997303637,0.998619563,0.999427391,0.999676731,0.997794119
316,336,259,0.999696246,0.999724614,0.999777038,0.999868623,0.999867222,0.999794314,0.996317918,0.996551117,0.997655289,0.999043205,0.999448089,0.996989247
317,337,260,0.990344628,0.99101215,0.987788072,0.989663411,0.987146824,0.909085937,0.8182852,0.685050175,0.732421683,0.926247795,0.930491064,0.936463633
318,338,261,0.990473026,0.991143247,0.987877959,0.990120923,0.987329018,0.910231927,0.806994967,0.680904029,0.738294503,0.927163375,0.931574605,0.936785219
319,339,262,0.991129796,0.991936426,0.989157325,0.991437446,0.988357159,0.911837062,0.834288453,0.758357609,0.78042758,0.931955938,0.935850322,0.938455649
320,340,263,0.991298375,0.992240342,0.989802108,0.991607473,0.988637864,0.91126596,0.842649004,0.79112094,0.799169982,0.933654393,0.936908559,0.938653042
321,341,264,0.991800741,0.993106857,0.991308906,0.993453181,0.990192886,0.914141405,0.867171171,0.856161792,0.856712112,0.94074946,0.943772578,0.943951013
322,342,265,0.991974757,0.993386669,0.992079888,0.993730349,0.99052349,0.914396395,0.884312877,0.876656778,0.87712189,0.943215451,0.945787234,0.945484659
323,343,266,0.992642886,0.994481325,0.993783223,0.994622951,0.992715379,0.922503141,0.926279406,0.915357751,0.916037804,0.953607652,0.955763487,0.953914837
324,344,267,0.99270633,0.994532631,0.993794999,0.994558927,0.992873397,0.924069884,0.931083945,0.919745303,0.920327525,0.955047894,0.957171317,0.955182215
325,345,268,0.511550885,0.664470208,0.6496003,0.636952217,0.590924257,0.500351063,0.668888096,0.6628637,0.587037079,0.543633947,0.603578956,0.570953999
326,346,269,0.539706693,0.685228462,0.677995163,0.65778459,0.615401423,0.517954241,0.715268116,0.700820182,0.637992674,0.57690643,0.653360214,0.612570747
327,347,270,0.584437247,0.714994251,0.70416243,0.684678136,0.649403084,0.556285566,0.767314357,0.742605127,0.692976181,0.627040744,0.690791102,0.649344342
328,348,271,0.972787791,0.971431684,0.963714736,0.934546754,0.959163541,0.990808485,0.993429741,0.992448815,0.990801149,0.985416097,0.982881647,0.970509407
329,349,272,0.972904418,0.972599816,0.966433406,0.936826441,0.960285816,0.990306803,0.995545814,0.992801222,0.990470946,0.985788318,0.983573686,0.971603208
330,350,274,1,1,1,1,1,1,1,1,1,1,1,1
331,351,275,0.986859802,0.982734065,0.989273808,0.989086992,0.991965951,0.983203916,0.987112404,0.990072612,0.978943542,0.977842595,0.979780094,0.982724738
332,352,276,1,1,1,1,1,1,1,1,1,1,1,1
333,353,277,0.983994947,0.982755218,0.987641045,0.987671331,0.98828728,0.98692015,0.988581218,0.990344863,0.978738971,0.978935766,0.981214239,0.981504672
334,354,278,1,1,1,1,1,0.999999323,1,1,1,1,1,1
335,355,279,0.985551714,0.98316203,0.99048611,0.987096423,0.990726821,0.989138259,0.991574968,0.991033126,0.982410298,0.9803702,0.982367874,0.981124288
336,356,260,0.992224357,0.993482983,0.994075401,0.996710399,0.994460172,0.976826995,0.88287684,0.781202237,0.826048193,0.923899098,0.933771627,0.920296319
337,357,280,0.989105583,0.995157609,0.995479057,0.995403751,0.99472919,0.913161636,0.860069856,0.775338367,0.792089994,0.936272495,0.94509513,0.948049884
338,358,281,0.989200079,0.995251275,0.995693015,0.995689543,0.994984132,0.913489056,0.865531055,0.782016578,0.795564707,0.936495423,0.945353343,0.94831136
339,359,282,0.989307686,0.99539103,0.995988713,0.995972918,0.995315784,0.913976824,0.868995608,0.785672864,0.797508899,0.93658968,0.945633194,0.948713142
340,360,283,0.989329248,0.995502948,0.996093833,0.996151024,0.995452711,0.913966158,0.871571808,0.793942887,0.800499708,0.936914263,0.945665539,0.948510964
341,361,284,0.989442534,0.995438151,0.996113583,0.996297587,0.995514632,0.913923907,0.878410294,0.818379388,0.812554247,0.938143274,0.946280993,0.948717721
342,362,285,0.989546515,0.99559324,0.996372088,0.996584319,0.995818198,0.914338202,0.87850604,0.826433313,0.818362912,0.938609371,0.946646299,0.94901101
343,363,286,0.989655162,0.995538234,0.996326036,0.996694557,0.995829374,0.914248208,0.875516223,0.849811592,0.83775027,0.940120707,0.947335106,0.949154234
344,364,287,0.989761571,0.995463209,0.996327371,0.996689088,0.995866309,0.91461422,0.878733555,0.864068726,0.852183478,0.941283863,0.948108581,0.949677554
345,365,342,0.97385046,-1,-1,-1,-1,0.857935704,0.853315395,0.728243244,0.709024597,0.928707884,0.937941063,0.944479605
346,366,343,0.971236866,0.964605534,0.948491048,0.949694871,0.923562632,0.79214111,0.850013288,0.717658836,0.592341742,0.765359567,0.875465966,0.844676152
347,367,288,0.974537478,0.969883936,0.957220881,0.956752719,0.928434847,0.80180606,0.843289074,0.71736355,0.595959407,0.765253153,0.880540154,0.840587046
348,368,289,0.974571743,0.96993977,0.957261725,0.956876956,0.928469417,0.801073065,0.837876982,0.712319847,0.596919901,0.767602034,0.881253547,0.83762657
349,369,290,0.97317116,0.967709285,0.952919836,0.953962609,0.927459021,0.797181967,0.832681796,0.699950474,0.597550914,0.779448125,0.881552682,0.837850475
350,370,291,0.974154445,0.969246448,0.95550855,0.956020745,0.928892179,0.799189353,0.824968336,0.696950209,0.618873692,0.790149264,0.884444683,0.834436571
351,371,292,0.97446419,0.969687596,0.95618303,0.956700759,0.929241671,0.799814637,0.818116683,0.697127451,0.646335319,0.80555991,0.887241334,0.831378494
352,372,293,0.975158111,0.970791083,0.957950103,0.958332838,0.930498058,0.80236315,0.81647163,0.706104473,0.668958107,0.815505217,0.890153542,0.828701161
353,373,294,0.975092346,0.970591621,0.957378621,0.958201327,0.930790761,0.802459786,0.816378176,0.713026465,0.688501555,0.833592642,0.893446278,0.829278459
354,374,295,0.976346253,0.972427996,0.960691252,0.960714832,0.932515118,0.805850304,0.822642518,0.735203508,0.71341204,0.848077251,0.897965177,0.829653792
355,375,296,1,1,1,1,1,1,1,1,1,1,1,1
356,376,297,0.995176311,0.993744371,0.994039958,0.997370582,0.993981084,0.991766505,0.996055231,0.997643376,0.994600241,0.995739284,0.994678613,0.994057907
357,377,298,0.996562894,0.994031886,0.996195321,0.997957638,0.993135155,0.991463089,0.995239777,0.997693296,0.994849378,0.995905446,0.994913228,0.99442317
358,378,299,0.996506493,0.994434176,0.996127669,0.99790261,0.993580844,0.991607181,0.995598486,0.997876322,0.995304999,0.99628469,0.995387704,0.99522939
359,379,339,0.995225835,0.996262969,0.99480558,0.995219316,0.992339739,0.945031362,0.942955741,0.879236173,0.862422228,0.944785623,0.950702947,0.929710871
360,380,300,0.995108651,0.99613973,0.994650591,0.995171239,0.992393206,0.94790197,0.950900348,0.909227421,0.896931053,0.949413573,0.956215819,0.94205576
361,381,301,0.994902586,0.995946811,0.994393041,0.994942096,0.992293759,0.947921833,0.951021177,0.911056318,0.899949108,0.949519221,0.956931985,0.943937292
362,382,302,0.994772713,0.995962337,0.994236868,0.993722081,0.992310802,0.951753646,0.952160503,0.922040906,0.907807401,0.951178901,0.957716072,0.949266127
363,383,340,0.993799281,0.994971463,0.992640738,0.992016262,0.990352515,0.943028077,0.941875187,0.906627505,0.888130434,0.940624417,0.95145794,0.94066153
364,384,303,0.994676769,0.995754086,0.993896576,0.993289343,0.991091885,0.944371809,0.944060521,0.914625166,0.894908601,0.942073977,0.952160082,0.939111742
365,385,304,0.995187105,0.996251321,0.994676018,0.994062123,0.991889376,0.947661888,0.949188523,0.923817319,0.907162243,0.9478044,0.955232088,0.943502682
366,386,305,0.995557014,0.99656044,0.995187053,0.994544807,0.992140582,0.948852649,0.951336247,0.92989498,0.914314822,0.949729454,0.955838137,0.944511902
367,387,306,0.99582154,0.996775471,0.995590239,0.994929284,0.992355401,0.949490242,0.9546099,0.937816595,0.924865139,0.952910467,0.957753642,0.94853812
368,388,302,0.994806981,0.995793888,0.994150623,0.99562128,0.992205891,0.945927498,0.951368359,0.906963492,0.901585865,0.948639054,0.958347111,0.94438101
369,389,307,0.99524644,0.996193022,0.9946894,0.99596911,0.992585015,0.946794529,0.952558343,0.914441551,0.909776632,0.950643349,0.959442527,0.945121277
370,390,308,0.995707161,0.99659085,0.995320948,0.99642974,0.992862734,0.947908579,0.953781077,0.923036128,0.916936302,0.952695424,0.96008865,0.945474882
371,391,309,-1,-1,-1,-1,-1,-1,-1,-1,-1,-1,-1,-1
372,392,310,0.995082219,0.995307195,0.994813259,0.991180062,0.994066428,0.994572486,0.998192412,0.997829989,0.995943893,0.996503542,0.996481544,0.997225023
373,393,311,0.994555093,0.995359132,0.994821489,0.991369227,0.994233248,0.994680558,0.998236885,0.997844091,0.995987795,0.996561472,0.996523124,0.997290281
374,394,312,0.994426237,0.995169973,0.994613395,0.991077525,0.993960361,0.994515722,0.998163943,0.997873107,0.995901678,0.996535593,0.996494596,0.997261225
375,395,313,0.994321942,0.995512869,0.994907924,0.99172341,0.994365562,0.994760368,0.998278206,0.997865232,0.996023026,0.996633062,0.996550949,0.997344354
376,396,314,0.994770499,0.995631701,0.994990181,0.991932425,0.994551019,0.994820575,0.998324003,0.997870103,0.996053021,0.996687466,0.99656893,0.997360657
377,397,315,0.994704031,0.995840363,0.995235226,0.992694791,0.995056314,0.995141825,0.998479581,0.997898208,0.99622089,0.996821878,0.996655963,0.997437462
378,398,316,0.998796234,0.998969912,0.999345416,0.99840777,0.99846688,0.995023128,0.997237139,0.995679789,0.99537345,0.99499171,0.995022656,0.994431832
379,399,317,1,1,1,1,1,1,1,1,1,1,1,1
380,400,318,0.997004404,0.995072472,0.996062723,0.994823177,0.997098016,0.995510778,0.9985694,0.998104932,0.99622134,0.996522655,0.996154814,0.996058544
381,401,319,1,1,1,1,1,1,1,1,1,1,1,1
382,402,320,1,1,1,1,1,1,1,1,1,1,1,1
383,403,321,0.994728206,0.99485595,0.995215688,0.993779182,0.995474614,0.994522738,0.998403908,0.99789721,0.996162222,0.996456182,0.996087381,0.995681457
384,404,322,0.995076884,0.996210756,0.995975173,0.994258265,0.99612797,0.996096488,0.998967797,0.998265122,0.996909943,0.997247649,0.996938133,0.997049231
385,405,323,0.995305081,0.99631548,0.99581468,0.994127945,0.995891907,0.995902448,0.998859295,0.998258718,0.996958868,0.997304141,0.996981707,0.997110141
386,406,273,0.999998771,0.999997356,0.99999995,1,0.999999924,0.999999871,0.999999979,0.999997103,0.999999912,0.999999903,0.999999461,1
387,407,324,0.999274975,0.999293364,0.99877403,0.993087673,0.998486011,0.998049149,0.999224897,0.999676375,0.998215684,0.998932134,0.998659609,0.997566667
388,408,325,0.998326843,0.997978081,0.997318268,0.991044194,0.997102351,0.996012347,0.998702502,0.999214299,0.997275391,0.998108625,0.99745472,0.99567457
389,409,326,0.997478653,0.997914102,0.996285908,0.992196674,0.996994559,0.996114678,0.998446951,0.99898615,0.997021859,0.997671172,0.996928438,0.995468917
390,410,330,0.999787963,0.999815676,0.999868888,0.9999293,0.99990481,0.999846033,0.999849077,0.999683679,0.999467519,0.999890715,0.999782425,0.999491246
391,411,331,0.999789334,0.999808812,0.999869274,0.999916756,0.999921036,0.999873687,0.999823202,0.999654064,0.999548045,0.99991384,0.999834206,0.999457125
392,412,332,0.999715759,0.999745518,0.999813636,0.999882865,0.999881616,0.999837572,0.999719543,0.999407179,0.999314043,0.999789272,0.999737738,0.99915738
393,413,333,0.999749278,0.999783342,0.999839979,0.999900429,0.999886299,0.999817127,0.999668632,0.999336795,0.999199654,0.99975556,0.999700059,0.999104161
394,414,334,0.999718484,0.999736336,0.999816688,0.999876862,0.999881984,0.999822755,0.999689068,0.999399848,0.999127429,0.999729379,0.999703296,0.999038854
395,415,335,0.99972103,0.999739255,0.999805682,0.999879093,0.999866519,0.999787389,0.999643875,0.999347998,0.998875776,0.999651415,0.999638106,0.998916804
396,416,336,0.999767177,0.999788524,0.999840052,0.99988856,0.999875565,0.99979538,0.999690738,0.999431555,0.998672943,0.999553604,0.999588804,0.998724414
397,417,337,0.999712006,0.999734697,0.999813261,0.999860646,0.999870696,0.999800568,0.999733107,0.999478046,0.998563853,0.999509786,0.999552843,0.998620723
398,418,338,0.999697085,0.999720405,0.999800346,0.999848293,0.999861727,0.999773914,0.999726711,0.999493404,0.998435065,0.999471796,0.999527541,0.99856279
399,419,339,0.997986905,0.998424822,0.997868599,0.998111802,0.996950047,0.978443312,0.975435535,0.959970226,0.960178252,0.986031416,0.980551291,0.966330389
400,420,340,0.99515403,0.996152797,0.994464449,0.994456487,0.992273925,0.951980063,0.943451948,0.915339264,0.91137718,0.971737797,0.962239134,0.949249009
401,421,341,0.995413236,0.996401591,0.994875239,0.994822808,0.992488489,0.95334743,0.943777035,0.916725061,0.916810244,0.972655698,0.963258392,0.949569898
402,422,342,0.99771086,0.996368662,0.994789264,0.994751134,0.992436826,0.971518493,0.970938484,0.948594249,0.951223443,0.980844539,0.978073046,0.964573205
403,423,343,0.992753855,0.99407863,0.991324082,0.991720727,0.987185599,0.912843585,0.905719431,0.875511772,0.852437472,0.914902511,0.93861101,0.927148834
404,424,344,0.992637312,0.993968624,0.991130931,0.991567727,0.987118296,0.913249442,0.906165034,0.880282713,0.857840395,0.916911082,0.94002624,0.930246521
405,426,346,0.99296575,0.994257615,0.991610639,0.991959289,0.987349931,0.914240334,0.908982883,0.889950502,0.866680587,0.920276688,0.941353029,0.931975928
406,427,347,0.992981297,0.994277583,0.991559778,0.991902111,0.98738801,0.912820779,0.909916795,0.89293407,0.87107685,0.922966918,0.942440399,0.933706209
407,428,348,0.993517399,0.994757236,0.992401939,0.992575683,0.987785567,0.91409579,0.914616537,0.903362143,0.883405842,0.927476742,0.943322601,0.934763655
408,429,349,0.993750136,0.994952658,0.992777976,0.992875588,0.987936456,0.9161133,0.919083835,0.910447484,0.891923891,0.930124609,0.943710631,0.93670401
409,430,350,0.997138804,0.997603417,0.997775666,0.997246905,0.993447455,0.97077456,0.984295779,0.977954985,0.975757631,0.976693052,0.979851926,0.980537623
410,431,351,0.9972577,0.997735831,0.997856836,0.997524336,0.993883534,0.972657991,0.985833352,0.979869607,0.978439788,0.979053357,0.98140991,0.982020572
411,432,352,0.950380106,0.953228511,0.957252712,0.931300328,0.905710223,0.866259193,0.937147202,0.923489092,0.912674791,0.902335693,0.907932585,0.898322369
412,433,352,0.95186938,0.954557513,0.958866683,0.93109594,0.906137028,0.856917117,0.930272098,0.914997154,0.905518948,0.892570573,0.902414238,0.89659203
413,434,353,0.952486538,0.955308223,0.959480126,0.932690759,0.90851902,0.862341554,0.935546716,0.919526847,0.911260065,0.900808795,0.905233016,0.902296993
414,435,354,0.92614542,0.931167848,0.937870569,0.897189563,0.868914601,0.816158455,0.915568582,0.897072969,0.887665911,0.876927966,0.873130325,0.867674374
415,436,355,0.875524927,0.881175533,0.893043213,0.82458936,0.800355025,0.748032075,0.869120196,0.866992068,0.854050057,0.847732802,0.839571648,0.799287122
416,437,356,0.844110065,0.857485786,0.867120841,0.772698675,0.757830129,0.708353907,0.866466828,0.84968388,0.832971121,0.819213259,0.809513564,0.777554228
417,438,362,0.857648958,0.877374413,0.874188272,0.794656888,0.800018219,0.761260592,0.891297632,0.891701138,0.871640253,0.863094525,0.865975698,0.834670773
418,439,358,0.862622885,0.883000365,0.874741109,0.789776597,0.794248725,0.761867779,0.893811837,0.889534001,0.871708712,0.862052614,0.871954114,0.844850263
419,440,359,0.881297608,0.901721343,0.881192708,0.809612756,0.831323108,0.814162199,0.925578941,0.91882986,0.897133313,0.892384677,0.900460425,0.872127561
420,441,360,0.878475046,0.900426203,0.882036455,0.815554511,0.826879572,0.812564863,0.919490592,0.911542545,0.891512154,0.891386619,0.901540415,0.875780025
421,442,356,0.885298474,0.901768495,0.887668659,0.829001231,0.861607513,0.849667093,0.93289049,0.898522055,0.885517787,0.86965309,0.886691986,0.891271619
422,443,357,0.853753928,0.872448167,0.872731595,0.789905632,0.790826088,0.744471356,0.88489864,0.884143143,0.864163289,0.853618931,0.85199055,0.819455043
423,444,227,0.862927576,0.886063474,0.884055458,0.782770384,0.751654276,0.74438929,0.898419318,0.850752747,0.812959609,0.825624553,0.826332765,0.818907888
424,445,329,0.879266754,0.901578183,0.886925164,0.794879276,0.795760924,0.799709338,0.91372232,0.864735926,0.843317785,0.842287701,0.875494578,0.859407835
425,447,238,0.842832467,0.851932276,0.866579342,0.765589142,0.745662552,0.714154472,0.856632958,0.841399912,0.834675499,0.822449644,0.809061986,0.764460593
426,448,363,0.870178126,0.885324709,0.873664166,0.800708034,0.812225506,0.796812469,0.918750255,0.911460945,0.889825168,0.883276824,0.892643227,0.84855025
427,449,364,0.975171657,0.982969939,0.980786047,0.962281644,0.967101756,0.965085027,0.98842655,0.986253303,0.983833277,0.989879467,0.990065493,0.987159568
428,450,238,0.839589146,0.844985294,0.860720558,0.762000705,0.736744536,0.714566456,0.851473657,0.844933599,0.840453094,0.834927194,0.823366085,0.757136476
429,451,365,0.908678129,0.92522401,0.887730525,0.837887522,0.860874033,0.846317574,0.938063842,0.927158417,0.913883647,0.908430425,0.914175399,0.900162536
430,452,358,0.880526825,0.904603917,0.887847329,0.833243101,0.853401804,0.835395671,0.936817835,0.933617138,0.912235739,0.909727396,0.908453089,0.875062011
431,453,366,0.905871292,0.923412495,0.887755667,0.817311138,0.855833707,0.850108706,0.934784902,0.903609476,0.887226862,0.882949771,0.900531574,0.895429692
432,454,367,0.919333984,0.932331392,0.892464029,0.843236219,0.866651375,0.861254545,0.944907634,0.932141649,0.916949691,0.914737159,0.920312313,0.905389634
433,455,369,-1,-1,-1,-1,-1,-1,-1,-1,-1,-1,-1,-1
434,456,370,0.994217968,0.995079213,0.995929087,0.993298172,0.994167206,0.994846613,0.997862907,0.998206312,0.996770236,0.996436244,0.99646054,0.995670994
435,457,396,-1,-1,-1,-1,-1,-1,-1,-1,-1,-1,-1,-1
436,458,368,-1,-1,-1,-1,-1,-1,-1,-1,-1,-1,-1,-1
437,459,371,0.996315723,0.996421336,0.995423971,0.995871189,0.997141364,0.997241392,0.99822505,0.997864696,0.997314536,0.997927387,0.998042744,0.997324267
438,460,372,0.996548449,0.996440472,0.995046409,0.995594046,0.996559364,0.996945966,0.998290974,0.997713312,0.996805123,0.997507263,0.997800959,0.99751043
439,461,373,0.995297493,0.995664748,0.995573994,0.991098462,0.993254446,0.991646987,0.997203308,0.995701028,0.99444446,0.997077973,0.998165316,0.998718296
440,462,374,0.996003409,0.996097118,0.995730027,0.992459002,0.9941555,0.992716298,0.997489319,0.996098723,0.994928092,0.99721769,0.998237197,0.998802883
441,463,375,0.995915994,0.996219527,0.994363061,0.989966369,0.992938597,0.992623022,0.997612951,0.996729446,0.995115355,0.996436995,0.997676733,0.998495797
442,464,445,0.973936455,0.981211247,0.978801197,0.948092891,0.959419215,0.962620207,0.987792772,0.983951885,0.983304819,0.988710394,0.989190338,0.98650281
443,465,377,0.986990873,0.99065361,0.989435889,0.977553494,0.981578136,0.980379237,0.994377734,0.993444087,0.992736745,0.994165829,0.995120816,0.994223576
444,466,378,0.989982678,0.993066192,0.99243089,0.983772958,0.987195871,0.985120213,0.995300683,0.994515254,0.994185488,0.99539954,0.996081695,0.995534777
445,467,379,0.995762439,0.99626484,0.997057269,0.995081911,0.995874314,0.996143794,0.99859595,0.998734704,0.997780295,0.997690612,0.997604137,0.996893795
446,468,380,0.995493269,0.996129605,0.996746766,0.994763244,0.995773026,0.996175436,0.998495947,0.998666451,0.997627372,0.997516078,0.997445198,0.996733074
447,469,381,0.995004088,0.997117721,0.997225771,0.995919933,0.995936303,0.995435431,0.998238192,0.998538218,0.997944334,0.998458455,0.998088517,0.997438866
448,470,443,0.996810077,0.998854516,0.998265995,0.996923262,0.997167189,0.996294602,0.99933489,0.999128212,0.998171719,0.998387639,0.998630911,0.998774175
449,471,442,0.986199247,0.990305704,0.987495222,0.973329861,0.981702669,0.982339571,0.994755305,0.994143711,0.993488944,0.992713793,0.992178633,0.992192624
450,472,385,0.958125196,0.965281249,0.96227599,0.961786139,0.963464576,0.953127108,0.979248628,0.976496786,0.979554207,0.976187891,0.974018804,0.964037056
451,473,367,0.977710062,0.981137405,0.98179462,0.975987526,0.979675207,0.972621279,0.991338301,0.989439585,0.990874072,0.989480916,0.987778246,0.982721685
452,474,382,0.996738401,0.998806612,0.99826652,0.996867888,0.997266944,0.996036996,0.999346514,0.999140813,0.998132031,0.998393382,0.998642252,0.998717459
453,475,387,-1,-1,-1,-1,-1,-1,-1,-1,-1,-1,-1,-1
454,476,389,0.998849721,0.999001038,0.998764999,0.997781357,0.998968428,0.998655334,0.999168508,0.999236511,0.998735712,0.998917843,0.999631904,0.999405219
455,477,390,0.997265643,0.997450771,0.996372851,0.995680031,0.997212709,0.996635058,0.99727184,0.997555291,0.998237944,0.997465674,0.998718936,0.997878215
456,478,388,0.997399781,0.99751165,0.996574615,0.995909003,0.997381841,0.99679562,0.997357019,0.997742362,0.998499634,0.997533839,0.998743869,0.997908695
457,479,390,0.998510999,0.999201854,0.999110943,0.996875898,0.997870411,0.997504744,0.999193222,0.999429978,0.997630962,0.997811379,0.999031587,0.999515524
458,480,391,0.996746433,0.997204072,0.996497663,0.996641604,0.996668371,0.995394645,0.996709646,0.996836209,0.998423907,0.997316073,0.998220934,0.996909316
459,481,381,0.992194452,0.995600663,0.991662886,0.989054164,0.990974186,0.991110783,0.997607602,0.997395409,0.996384666,0.994352204,0.996010947,0.996440993
460,483,392,-1,-1,-1,-1,-1,-1,-1,-1,-1,-1,-1,-1
461,484,400,0.993365145,0.995283607,0.994922919,0.993531916,0.995246532,0.995012614,0.996918139,0.997551574,0.995536973,0.995105808,0.994255856,0.993953135
462,485,394,-1,-1,-1,-1,-1,-1,-1,-1,-1,-1,-1,-1
463,486,395,0.996076427,0.996261825,0.99574344,0.996038271,0.997319185,0.997355424,0.998092402,0.997868403,0.997294842,0.997867742,0.997902877,0.996891176
464,487,393,-1,-1,-1,-1,-1,-1,-1,-1,-1,-1,-1,-1
465,488,397,-1,-1,-1,-1,-1,-1,-1,-1,-1,-1,-1,-1
466,489,373,0.95034631,0.960134718,0.96358246,0.885131127,0.907775531,0.897926529,0.947974983,0.93563994,0.92552074,0.979720569,0.97883556,0.975521604
467,490,398,0.934606474,0.965658575,0.951137732,0.871039388,0.858891276,0.8249594,0.909093701,0.887572854,0.88212463,0.96886275,0.96930064,0.970826727
468,491,399,0.941507958,0.97067354,0.958527364,0.900144597,0.89045421,0.865867353,0.95236374,0.950545124,0.924778429,0.957899805,0.95595469,0.953183106
469,497,403,-1,-1,-1,-1,-1,-1,-1,-1,-1,-1,-1,-1
470,498,409,0.994362363,0.996722321,0.994219634,0.993150209,0.992704448,0.993829603,0.997385835,0.997872099,0.996740054,0.996427953,0.996652282,0.996916491
471,499,406,0.995586529,0.997351938,0.995423675,0.995089853,0.995317515,0.994961493,0.99813774,0.997776464,0.997527982,0.997102385,0.997418731,0.998374251
472,500,384,0.982117354,0.987496396,0.985240192,0.969915653,0.978804664,0.974309717,0.991678467,0.991307114,0.989976047,0.98984575,0.989140422,0.989950125
473,501,444,0.983897753,0.988476268,0.985932355,0.968763197,0.979552477,0.97815818,0.993062135,0.992557617,0.991732619,0.991011668,0.990503893,0.991021627
474,502,408,-1,-1,-1,-1,-1,-1,-1,-1,-1,-1,-1,-1
475,503,409,0.993066567,0.993180714,0.992334528,0.990989736,0.992860447,0.990523012,0.996004362,0.995876007,0.992914555,0.992411211,0.993222531,0.98990641
476,505,410,0.997857381,0.998200821,0.995676684,0.996014843,0.997111677,0.995808589,0.997523832,0.997786672,0.998416714,0.997656989,0.998070352,0.99635322
477,506,412,-1,-1,-1,-1,-1,-1,-1,-1,-1,-1,-1,-1
478,507,404,-1,-1,-1,-1,-1,-1,-1,-1,-1,-1,-1,-1
479,508,405,0.996099579,0.996462372,0.996066717,0.996437158,0.997756858,0.997274289,0.997929374,0.997917683,0.997522223,0.997765649,0.998009827,0.996774233
480,509,413,-1,-1,-1,-1,-1,-1,-1,-1,-1,-1,-1,-1
481,511,464,0.864204225,0.958492577,0.916753326,0.798306506,0.77565306,0.725343756,0.865802351,0.852031394,0.828473209,0.897763782,0.872797337,0.875526329
482,512,417,0.865019044,0.958638166,0.916933173,0.798034069,0.775730522,0.72540628,0.866278348,0.853392808,0.83094178,0.902058774,0.87765251,0.879514767
483,513,418,0.864636847,0.957780482,0.915755175,0.792423516,0.773269834,0.722849267,0.867599851,0.850580787,0.829401719,0.909536729,0.88100617,0.883120566
484,515,420,0.888040358,0.959643955,0.920342542,0.783846282,0.784705902,0.756194642,0.894430365,0.882712931,0.871064008,0.944542827,0.924460843,0.919686279
485,516,421,0.923911968,0.967910635,0.938502329,0.83090716,0.85367616,0.832764742,0.938840514,0.906801513,0.910296045,0.964428979,0.956601933,0.944272421
486,517,422,0.929589103,0.968682556,0.945440237,0.851416148,0.873287554,0.85772777,0.948791739,0.923006023,0.92258421,0.967801909,0.961666678,0.95009379
487,522,425,0.940529032,0.969996514,0.958285575,0.875597933,0.896816663,0.894144588,0.962301004,0.947720864,0.941982607,0.972719535,0.969017784,0.95972115
488,523,428,0.959519283,0.973503868,0.975040701,0.930666238,0.93864926,0.942455172,0.979717744,0.978320544,0.972466579,0.984659177,0.983484712,0.978248968
489,527,327,-1,-1,-1,-1,-1,-1,-1,-1,-1,-1,-1,-1
490,528,376,0.98770972,0.992443176,0.991389369,0.984514304,0.982817275,0.983109414,0.994801968,0.99502617,0.994427764,0.995285109,0.994859558,0.992594784
491,529,432,0,0,0,0,0,0,0,0,0,0,0,0
492,530,433,0,0,0,0,0,0,0,0,0,0,0,0
493,531,434,0,0,0,0,0,0.18223561,0,0,0,0,0,0
494,532,436,-1,-1,-1,-1,-1,-1,-1,-1,-1,-1,-1,-1
495,537,384,0.997004185,0.998079422,0.997990182,0.997586893,0.997386321,0.996326375,0.997737444,0.997075713,0.998435413,0.99824915,0.997815268,0.997630515
496,539,440,0.995546504,0.997719733,0.997040815,0.996481503,0.996585762,0.995918533,0.997535918,0.997454086,0.998334669,0.998059156,0.997402423,0.99567952
497,542,440,0.998887667,0.999273316,0.998821656,0.999185616,0.998455685,0.997677455,0.998959082,0.999133386,0.998163844,0.998869263,0.998779926,0.999167517
498,543,376,0.967830799,0.977756427,0.976863528,0.936035778,0.94705872,0.948699354,0.982688754,0.978474393,0.97836173,0.984801887,0.985028741,0.981393702
499,544,386,-1,-1,-1,-1,-1,-1,-1,-1,-1,-1,-1,-1
500,549,446,0.99988905,0.999952377,0.999941791,0.999984826,0.999971065,0.999996221,0.99999984,1,1,1,0.999999461,0.999999248
501,550,447,0.999851659,0.999794115,0.999923134,0.999894306,0.999914067,0.999846846,1,0.999999575,0.999995483,0.999986911,0.999976425,0.999999262
502,552,448,-1,-1,-1,-1,-1,-1,-1,-1,-1,-1,-1,-1
503,553,449,0.992951505,0.991668812,0.990572121,0.991587785,0.988055888,0.990899346,0.996432727,0.996978216,0.990246351,0.992447888,0.992373686,0.992309491
504,555,451,-1,-1,-1,-1,-1,-1,-1,-1,-1,-1,-1,-1
505,556,452,0.992407266,0.991896362,0.991536261,0.991802803,0.988812517,0.990943075,0.996589379,0.997132936,0.990981213,0.992649906,0.992234876,0.992287859
506,557,453,0.992747381,0.991866088,0.991480894,0.991994692,0.98865406,0.990960869,0.996506727,0.997076157,0.990960035,0.992648679,0.992245061,0.992451715
507,558,454,0.992667186,0.991678336,0.991355845,0.991866501,0.988368012,0.990836483,0.996518928,0.997027466,0.990801084,0.992613264,0.992149749,0.992167126
508,559,455,-1,-1,-1,-1,-1,-1,-1,-1,-1,-1,-1,-1
509,560,456,-1,-1,-1,-1,-1,-1,-1,-1,-1,-1,-1,-1
510,561,457,0.980236311,0.981347857,0.984364678,0.981311292,0.982617495,0.981399787,0.988514096,0.991317286,0.983997747,0.984076724,0.982704232,0.98142585
511,570,357,0.841207538,0.851292555,0.864392648,0.757842,0.730524572,0.713145854,0.856842702,0.831134316,0.81962015,0.788535633,0.793444375,0.750055134
512,571,227,0.847159687,0.858405509,0.869509839,0.769813811,0.760686975,0.738312926,0.868986527,0.85248368,0.841721917,0.820914737,0.805875915,0.785034917
513,572,228,0.858177969,0.879127334,0.872452225,0.810558945,0.809697271,0.79714513,0.915332462,0.899462668,0.887327513,0.876473084,0.865869992,0.844643944
514,573,363,0.861979857,0.866147046,0.878388816,0.785958877,0.782690283,0.716508275,0.851235142,0.857222136,0.808995167,0.808961174,0.805316926,0.795862094
515,574,328,0.845118866,0.857079053,0.866558222,0.772614027,0.767510984,0.725437248,0.849987648,0.829650441,0.820910406,0.801657582,0.789974893,0.787194425
516,575,328,0.863739009,0.865964676,0.878797196,0.796693496,0.820632443,0.739230502,0.820207048,0.814895533,0.813677828,0.802694924,0.801287941,0.79057829
517,700,700,0.998999573,0.998932301,0.998454534,0.999329891,0.998383705,0.996653555,0.996350011,0.99457435,0.99667966,0.998058367,0.997493485,0.997224284
518,701,701,0.99911719,0.998972615,0.998537366,0.999344772,0.998484938,0.996926109,0.996549745,0.994834512,0.997304604,0.997878009,0.997667837,0.997616089
519,702,702,0.999024513,0.998929619,0.998443837,0.999326287,0.99837064,0.996672932,0.996359519,0.994473459,0.996603251,0.998071449,0.997429734,0.997189227
520,703,703,-1,-1,-1,-1,-1,-1,-1,-1,-1,-1,-1,-1
521,704,704,0.999781081,0.999814837,0.999860062,0.999926058,0.999902806,0.99981505,0.999718462,0.999451092,0.999302394,0.999844058,0.99972933,0.999295194
522,705,705,0.995313963,0.996313347,0.994731969,0.994704341,0.992408692,0.95269725,0.943480965,0.916433326,0.914174952,0.972098806,0.962681288,0.949056978
