channel_id,channel_number,node,lolo,lomed,lohi,medlo,medmed,medhi,hilo,himed,hihi
0,1,1,0.9976371984106648,0.999489598820764,0.9993868406616976,0.9984017089676432,0.9992481143048509,0.9993154123344705,0.9960370885145715,0.9992966599101137,0.9999180556163957
1,2,2,0.971062836753658,0.9874680637088374,0.9965449338157022,0.9805880585912646,0.9868619887615324,0.9940985103367619,0.9695215823528587,0.9931572650046672,0.9995812114820184
2,3,3,0.9360105458971606,0.9642343894745086,0.9894870165609424,0.9562181445054145,0.9669923208700488,0.9819470148069294,0.9362729469269186,0.9846736880469015,0.9984908241065127
3,4,4,0.9301656479190196,0.9449061006879274,0.9762499560894051,0.9368647972859485,0.9591741866468056,0.9821138581454238,0.9220793812213692,0.9705750161366173,0.9951310321729474
4,5,5,0.8794404802161984,0.9023738738483482,0.9548379582872519,0.8954732096478608,0.9267515741607266,0.9569174120583093,0.8759453122597669,0.9515885881112935,0.9913603599870496
5,6,6,0.8694676153563192,0.8950501159472926,0.9381336015411406,0.87227317067124,0.9229054797483461,0.9462801049231838,0.8644178568697684,0.932205748108544,0.9868409717900163
6,7,7,0.8601507566944185,0.8905483194893928,0.9321850342946143,0.8597424489647827,0.9159948977381673,0.9354226213417858,0.855677354806443,0.927625439165097,0.9851474814799278
7,8,8,0.7754227567598277,0.8098491779603834,0.9028433028552906,0.7654271657290207,0.8129857509810297,0.8183472180503247,0.7799482081327044,0.7972763746277342,0.9278737237881678
8,9,9,0.8036237777877803,0.831972579782465,0.9152197583449625,0.7963682301705959,0.8370512566096229,0.8425224957511306,0.8106638129966737,0.8173182337319006,0.9323553875008892
9,10,10,0.8285734718333417,0.8516761185480802,0.926217670890789,0.8248991105593283,0.8585295442267401,0.8646726393600352,0.8371150348573455,0.8388953306438739,0.9381624394342066
10,11,11,0.8473274158684434,0.8679604099156484,0.935181545697696,0.8466450232867642,0.8696268649092634,0.880031667575352,0.856546811899299,0.8556569836044068,0.9422586775965773
11,12,12,0.8701791623950892,0.8853397426291373,0.9424323471772991,0.868278676224715,0.886368187641501,0.8909372191942541,0.8737797824702195,0.875067830757658,0.9495524317366916
12,13,13,0.8823641246192211,0.8940626603230035,0.9476312242281261,0.8788276748140558,0.8979991943782326,0.8989507543141825,0.8823889233715185,0.887518608407399,0.9534459030625919
13,14,14,0.8915208759337037,0.9004607538194117,0.9531017469551308,0.8880680886737314,0.9076320643886794,0.9096837887513416,0.891277978872353,0.8974508697054318,0.9577966871025514
14,15,15,0.8965321291280073,0.9052572058894618,0.9568283807256005,0.8937132349709207,0.9129562284235974,0.9181034934343418,0.8983465868984777,0.9035824315944037,0.9606409214279256
15,16,16,0.9090148698854431,0.9175971549133671,0.9634136612076389,0.9059526228638333,0.9235581104572093,0.9311244520808949,0.9108671581714808,0.9163701632624014,0.9655198267188793
16,17,17,1.0000000000000084,0.9999998108069655,0.9999999401671745,0.9999999854790631,0.9999996748288209,0.9999999766941791,0.9999999978019081,0.9999976914431784,0.9999881001231845
17,18,18,0.9347775767308456,0.942347581504512,0.9758126443882739,0.932474715564541,0.9437837675630117,0.9563961128204755,0.9332471035862157,0.9378697627903838,0.973506222959826
18,19,19,0.941216848590723,0.9484227488238485,0.9780051229847382,0.9387159547104205,0.9493086968776179,0.9606107223510948,0.9388679233168972,0.9436223376975785,0.9748477510666513
19,20,20,0.9478389096982915,0.9546268512986951,0.9798818412098032,0.9451775458219415,0.9549623008557263,0.9642225678690206,0.94458299811482,0.9497049577818075,0.9762570373595183
20,21,21,0.9553338131002845,0.9603883709261865,0.9813278516142695,0.952243231399573,0.9610146692440775,0.9676256850995099,0.9505748459551812,0.9571381865271213,0.9790371903257307
21,22,22,0.9614179721426479,0.965349323687663,0.9823655136866779,0.9580940676121916,0.966387207652913,0.9702744799108707,0.9564982201855499,0.9625823502872024,0.9789384419317222
22,23,23,0.9658904526890928,0.969234822259817,0.9831287861330905,0.9626576229335259,0.9706846253159845,0.9723217364935255,0.9615113535069044,0.9669792365042423,0.9783694364627437
23,24,24,0.975050031479094,0.9785871740614196,0.9820783854961225,0.9709222999653486,0.9797198402273642,0.9752465457450767,0.9727086726303951,0.9757431650595202,0.9725737592039174
24,25,25,0.9777126984973605,0.9800307104468404,0.9815766898920945,0.9744183274012915,0.9817597952514194,0.9749452771861301,0.9763223285567488,0.9778327147509336,0.9701131083989271
25,26,26,0.9483250219928295,0.951889661481619,0.9688581115244678,0.945594923169051,0.95091366647663,0.9506547327151156,0.9502168562324488,0.9434099671876072,0.9312686169223777
26,27,28,0.9524277167099076,0.9557150575122598,0.9711717597545124,0.9501584333134366,0.9550407706626346,0.9547821357286914,0.9537179313675604,0.9469884202781587,0.9362653062379683
27,28,27,0.9563663154970565,0.9589586886646869,0.9731588106651888,0.9540940180699727,0.9585025896243478,0.958186788325414,0.9579295461994161,0.9519823256011205,0.9412322130577768
28,29,29,0.9604170448759384,0.9626439896104576,0.9756192798586687,0.9584878019841381,0.9625674415733877,0.962470765088824,0.9616174673227437,0.9555564668862138,0.9464669006603049
29,30,26,0.9378725038858201,0.9415008151564818,0.9587518808721457,0.9355755219001126,0.93967613711564,0.9345706134710527,0.9379835162850925,0.9297675024397819,0.925828879309186
30,31,29,0.9489102592860094,0.9516712007087228,0.9675337448088923,0.9470388696042128,0.9509289111041267,0.9488724509670557,0.9485895355838716,0.9423870537911611,0.9359654786046175
31,32,30,0.9809464254239453,0.9819383560363162,0.9840510720832177,0.9808770493867258,0.9827038011569097,0.9794056306407825,0.983071324965157,0.9794175651359747,0.9739238609667672
32,33,31,0.8417554869280378,0.8389573611909134,0.843600522474342,0.8287420669229746,0.834703817052233,0.7976373262629683,0.8461667413176459,0.8210281279243068,0.7223038095484627
33,34,30,0.9525969696565699,0.9545431320190618,0.967834283000261,0.9515733651896905,0.9542883962170744,0.9503492975156044,0.9532236584816276,0.9474661709480388,0.9396534006826031
34,35,31,0.9350560744221187,0.9374318860833736,0.9538274517217956,0.9342341082967746,0.9355415055306907,0.9263574550979268,0.9371426759381757,0.9250997435857518,0.8917620192218578
35,36,32,0.9541219907365198,0.9554409393733403,0.9666159558182477,0.952483034252347,0.9546568610274796,0.9472903206389297,0.9529820098702836,0.9434966332525134,0.9216521747510934
36,37,33,0.9680879198324979,0.9686609767439639,0.976315720370077,0.9671392719436339,0.9682808416618055,0.9636755850623537,0.9675424314583091,0.9612549517969681,0.9471412786327622
37,38,34,0.9584560123208714,0.9586971306666698,0.967369085124789,0.9575233041809545,0.9586148155722571,0.9502782380828865,0.9585962923231095,0.9506179241056045,0.9296865403033928
38,39,35,0.9432852593900358,0.9442672072870962,0.957240758376494,0.9426151707820979,0.943168180587781,0.9334728394000817,0.9454743546397057,0.9342572866005535,0.9037891851878772
39,40,36,0.9472843294548309,0.9481998242729871,0.9597873708490819,0.9467396143505376,0.9470336794775837,0.9379923763266914,0.9492877323197917,0.9385844417003275,0.9107453917317663
40,41,35,0.9501699684985786,0.9520430716825252,0.9631009391985682,0.9488719632834237,0.9504124182462168,0.9430021055443906,0.95199685810869,0.9416752493205942,0.9158333327888168
41,42,37,0.9518177722652914,0.9530210218889618,0.9633960488561362,0.9510185420761612,0.9517403971415969,0.9439301920130418,0.9536046029430796,0.9436407001364998,0.9185017419306527
42,43,38,0.9446452468124255,0.9437787784537482,0.9537210032671817,0.9439358862990267,0.9435326971454598,0.9301158832974993,0.9465847936881806,0.9358611044684912,0.9025153474798917
43,44,39,0.950892789573039,0.950604370934517,0.9597676921678377,0.9503293946954051,0.9499973409234371,0.9390376257680773,0.9526151545708508,0.9426938236910756,0.9142279935550945
44,45,40,0.9603493831937565,0.9603425537248392,0.9677852244708819,0.9597688177100884,0.9594357964206066,0.9511307360932999,0.9612233085737092,0.9532148139380026,0.9307852063979024
45,46,41,0.9644985054737474,0.9643240911956933,0.9702656234601763,0.9640521363875738,0.9634887963742587,0.9556216816830242,0.9650404139663308,0.9579487822233074,0.9379102740909122
46,47,42,0.9677183347476238,0.9672036052959292,0.9723266401373242,0.9672940161697721,0.9665803856394014,0.9590109933523904,0.9679469072138126,0.9618619824448436,0.9433880140937827
47,48,43,0.9711477706028108,0.9705632257214908,0.9751181056641343,0.9705874461020887,0.9698812636885267,0.9630936394978008,0.9713185957717417,0.9660906338040085,0.9503131636762305
48,49,469,0.974175651103997,0.9726519589124982,0.9769074009658937,0.9733255903345961,0.9729279154731384,0.9664900534579618,0.9740797636956081,0.9691970697239123,0.9542683708551067
49,50,45,0.9791590483930669,0.9784984249722211,0.9807758506150673,0.9776405743205366,0.9783043447668672,0.9719477756228934,0.9783912756273685,0.9751256472146385,0.9625175300009968
50,51,461,0.9799344636894155,0.9794904773668457,0.9816328826689225,0.9784123760880743,0.9789840683964417,0.9734650514994772,0.9793524152268678,0.9762969014746017,0.9648834105048878
51,52,46,0.9806464238769713,0.9807336331720884,0.9823128300005713,0.9792536180381899,0.9797447225443316,0.9746138760910531,0.9802397478199025,0.9774731278642446,0.9671356390688012
52,53,47,0.9815114419905814,0.9817610245851123,0.9828518845803742,0.9802494452558296,0.9806426671854331,0.9754542640332895,0.9808151601727986,0.9780426567986775,0.9676169564682122
53,54,8,0.7826169131316476,0.7766252236747746,0.795527773955809,0.7950373152561092,0.8153944575355015,0.7843815122050706,0.7903302747030966,0.812422426057123,0.930870540565434
54,55,48,0.7856745342500923,0.782374525630288,0.7908824100647373,0.7892720060899732,0.8108969733443709,0.7801938642403895,0.784378192357184,0.8035155458175977,0.9313151135255053
55,56,49,0.77707213470426,0.7697017866504812,0.7791385520424352,0.7799441643229117,0.799963889769215,0.7688151187210357,0.7753575572111175,0.7905295370547313,0.9306950728039437
56,57,50,0.7656651021576367,0.7543331401537514,0.7608143936250377,0.7703126801823812,0.7850255495496254,0.7558066810601701,0.7638395760419407,0.7750076504345408,0.9287268607232914
57,58,51,0.7295981874591736,0.7223323520513926,0.7243504494100592,0.7488617036291778,0.7640933273950477,0.7395833497217222,0.7373932915588044,0.7561351597816053,0.9265839901114619
58,59,52,0.6730004454249984,0.6677907627635751,0.60167557009582,0.6944660819902926,0.7018454173368568,0.700779231144141,0.6931486674934575,0.702295824721814,0.9098806126955706
59,60,53,0.659550235004729,0.6622090507946964,0.6016229069027585,0.6820716360038701,0.6815061324169959,0.7182988410651766,0.6767712422067687,0.6977242168941112,0.914722075927574
60,61,54,0.6956160113783804,0.7222967546272799,0.7901141607252621,0.7007131125711257,0.7313912663828022,0.7585558827612322,0.7091022241878571,0.7453125493632833,0.9354740982406764
61,62,55,0.7060607390094978,0.7340005974538342,0.7967702391957173,0.7089239425780791,0.7405179560816384,0.7649135444294011,0.7191561107091855,0.7531391663114713,0.9406104740102201
62,63,56,0.706126781272894,0.70427793238685,0.8364639292408553,0.7128472990885831,0.6836834114781264,0.6471192897512348,0.7619799879042682,0.7104104439511947,0.8405795053788538
63,65,169,0.780174331038589,0.7916235801002695,0.8370663990178513,0.7840430092899858,0.7761195813833621,0.7277697844885724,0.8224541838215926,0.7882882166943069,0.8507603380200326
64,66,169,0.7151891405792419,0.7138046789594378,0.912019300873424,0.7140621813857986,0.7288998243420053,0.721470348764023,0.6968179116850551,0.6930651232735995,0.8751871169475485
65,67,57,0.7935931061204641,0.7842685696098406,0.9018397093928502,0.8120701714847167,0.7860954730056041,0.7279020249523714,0.8242893112735803,0.7879413887441306,0.9257558309671279
66,68,58,0.69015994855122,0.7163877615819442,0.8423595938801284,0.6807221158177971,0.7244784646066859,0.751440942944104,0.6792252887843759,0.7053030378373945,0.8899300870602873
67,69,57,0.7730332953191146,0.8226679384639295,0.8881045188665052,0.7824737010472369,0.8222970678544064,0.7491249814527264,0.7804736827108708,0.8402044433316315,0.9194339791152529
68,70,59,0.6770628453827909,0.7040412041777697,0.8226601625809655,0.6683428004681314,0.7149597724365847,0.7355353817837302,0.6651025768836594,0.6960455735292017,0.8778038537462582
69,71,60,0.6911389085488892,0.7172511546284244,0.8264710592227485,0.6834054234000005,0.721627149387795,0.7384107717220646,0.6866573242704044,0.7073152463858338,0.8677568236270707
70,72,61,0.7021969117048779,0.7263483942927087,0.9023507241387642,0.6962322678424103,0.7228952829983077,0.7345594847712356,0.7096479452542332,0.7156006040447096,0.8505440591840612
71,73,62,0.7139640076647225,0.7376536846990049,0.918765708341479,0.7074001439775692,0.729921506443856,0.7348469566791501,0.7273376928444157,0.7231290982062363,0.8366612357739563
72,74,63,0.7135788364093882,0.7361884054212957,0.8877177296283519,0.7097631298661371,0.7269308487646775,0.7300649412222787,0.7327291731088925,0.7224087277849855,0.8263209599069244
73,75,64,0.7183676576288276,0.7399507281108593,0.8331120607032619,0.7146147809662895,0.729308255209474,0.7282282912934673,0.7400471884369313,0.7241740816427995,0.8153384847786315
74,76,65,0.7233450120597471,0.7436666135479787,0.7854069772742452,0.7191005974745848,0.7319892662062778,0.7267723411945654,0.7462711297978194,0.7256572629900112,0.806156544135244
75,77,66,0.7243349000917141,0.7438599296793931,0.7496678453751499,0.7212815773066596,0.7314353710027657,0.722503000552602,0.749957567345872,0.7254051885736708,0.7941132366939366
76,78,67,0.7296679929864773,0.7489059213997956,0.7194220852324392,0.7282081421422876,0.7360704926281706,0.7215794943887215,0.7578065318729978,0.7289278589490019,0.7799502025012797
77,79,68,0.7310701113777233,0.7503667246922835,0.7153948743280407,0.7307268956259061,0.7379583303805518,0.722328635585739,0.7601843258999307,0.7306552250712053,0.7764424675960839
78,80,69,0.7346291071697406,0.7539802509877584,0.716409414971974,0.7336655002645102,0.7412958575515732,0.7246779783446161,0.7630816536545065,0.7328559440158422,0.7763527152630006
79,81,70,0.4064248079277778,0.4231894195325568,0.004019697710869609,0.48841363720880754,0.4982527152266264,0.3883348744252812,0.3838133765028117,0.3372744122842619,0.30849616559577436
80,82,71,0.6094643031572348,0.5798646260022806,0.49052095001102086,0.585314193392982,0.5965949180717742,0.5724420096890521,0.5440790395295313,0.5004272869958845,0.5377280270590717
81,83,44,0.9733397765372952,0.9717802802944727,0.9763759463457986,0.9725686444600619,0.9720409297269151,0.9656326302454477,0.9733252082988324,0.9682399938160092,0.9529488600437019
82,84,73,0.4981032528741803,0.5016538843034914,0.4360836005732433,0.4832595421131421,0.49369841051417296,0.472863270470562,0.4849234885142939,0.439819393412537,0.4709243276961955
83,85,74,0.5047887811412112,0.5084995248440485,0.4399000751373839,0.4894270799029518,0.49974633054571416,0.4776848512884616,0.4920183249370095,0.4466561939958725,0.4746079810150555
84,86,75,0.5968517596137776,0.5987022849273447,0.5392838004143096,0.5815624572215621,0.5867178872209372,0.5491754790214839,0.5913370550861201,0.5418502990540591,0.5306002822267009
85,88,77,0.6293753912942873,0.6308778196311526,0.5797116154265829,0.6126862577479376,0.6140898567847461,0.5671598957642616,0.6244999537390394,0.5732532793133711,0.531488090964229
86,89,78,0.6416922236642063,0.6429075934157059,0.5953597162587806,0.6248906263183192,0.6249951536569265,0.5749199704307256,0.6370333841021514,0.5859119762074164,0.5326736989730604
87,90,79,0.652947330175865,0.6534438408491172,0.6090825795733901,0.6358965071743315,0.6349154970851969,0.5821890392374225,0.6477986045268465,0.5964312348810086,0.5359114849069918
88,91,80,0.6630225216205192,0.6634672597623135,0.6217737107800795,0.6462214225248188,0.6441907484520021,0.5895810941167717,0.6581763983234543,0.6072295633539161,0.5376361760086033
89,92,81,0.6723505492317804,0.6728154671224039,0.6335929707163844,0.6556799352847923,0.6529055848425743,0.5968410780410079,0.667667619432234,0.6170946532249044,0.5398143775122289
90,94,82,0.7341223977442456,0.736223581512447,0.7402106153695008,0.7200584379624783,0.7219973216396188,0.6686053233378857,0.7375377448973991,0.6919258223083612,0.5683835160433237
91,95,84,0.736742286243852,0.7391001064317066,0.7460489605548865,0.7233529774987083,0.7258326657331658,0.6728166079033694,0.741460889706261,0.6962705846958864,0.5709550555295536
92,96,85,0.7402383102197581,0.7427764182989148,0.7523943092699907,0.7275859519480514,0.7304451966593264,0.6777654789903929,0.7462135182690715,0.7016228086486047,0.5752174969754508
93,97,86,0.7587623372263675,0.7609212497511463,0.7672745799078943,0.7486763756373725,0.7516896785290331,0.6971642625610092,0.7660635332621121,0.7259698947112359,0.600188828084701
94,101,88,0.7605934789676057,0.7626257342522831,0.7704867080432687,0.7508410635966466,0.7536711218756339,0.6997237187189425,0.7680777945516576,0.7284204769630137,0.6029294901367084
95,102,89,0.7639434674020733,0.7661478692983268,0.7754978351385684,0.7545904898261223,0.7574292606930012,0.7039641088767388,0.7717919106419702,0.732880971724468,0.608047244167334
96,104,90,0.7662433459975686,0.7677735202108723,0.7786458906761791,0.7570857763830862,0.759187247880717,0.7069201935667243,0.7735887463816968,0.7352293585833793,0.6110788004971691
97,105,91,0.7709013228885297,0.772389653734177,0.7849247838107014,0.7622451917001704,0.7640674270166871,0.7124918690824269,0.7785313352245206,0.7411326947631234,0.618285809530448
98,106,92,0.7762529069982371,0.7780459050184396,0.7918421014374534,0.7681626559541327,0.7699155662472923,0.7188659196267013,0.7842312953869166,0.7479724691133061,0.6265568459993799
99,107,93,0.7866183879051106,0.7967565681315486,0.8343719110493131,0.7758672628307928,0.7817690782385727,0.7481069196383914,0.7921318872432913,0.7557935132192463,0.6464604811834883
100,108,93,0.7949192822012962,0.7954369771708699,0.8136575931870881,0.7881926339352214,0.7875069554162124,0.7400509501307305,0.8006173509051885,0.7670318781963232,0.6525181751433847
101,111,94,0.7995757567073623,0.8015333678287494,0.8266196741943692,0.7921320801578778,0.7918734617037266,0.748861667998772,0.8036606700607712,0.7705247109614932,0.6595250753381419
102,114,98,0.8112918250111592,0.8099224772153271,0.825117996842472,0.8044681728949293,0.8031894260811139,0.7569297004126957,0.8156392548566601,0.784866404961646,0.6729008267083094
103,115,97,0.8120341792862568,0.8179382718703935,0.8486949946761665,0.8046623977091666,0.8079959901744761,0.7722751547841857,0.8167934878323502,0.7856999916904897,0.684505377724932
104,116,98,0.8550265829562895,0.8585348661050756,0.8902281324766824,0.8527363686500391,0.8557309923085924,0.8345337207488042,0.8655760829346641,0.8396961498318959,0.7732031733069534
105,117,99,0.8449044301342638,0.8523835330279088,0.8875136767038088,0.8419526107151194,0.8466353625862961,0.823464623356079,0.8558205624021444,0.8277744580842902,0.7542984221489635
106,118,100,0.8000396446995516,0.8086791666607683,0.8234188837216186,0.7888596924968392,0.7961497145838738,0.7398406112974399,0.8018437624902178,0.7715069731080942,0.67128781411114
107,119,100,0.8533617665567182,0.8551344042143911,0.8788609216207668,0.8482282298151448,0.8501101045326368,0.8176920666497948,0.8559922601814706,0.8306903891413103,0.7461497699110543
108,120,101,0.8476135549618963,0.84432958186752,0.8619991995767103,0.8449282259652623,0.8438098306247934,0.8029607990156121,0.853198180150917,0.8297240870300346,0.7564273345977067
109,121,102,0.8404749439850011,0.8433381013388495,0.8732480775360943,0.8378415119157869,0.8409033923479687,0.8079190234542886,0.8487420835742728,0.8226796346428192,0.738635410328884
110,122,232,0.9184600608804926,0.9166031489480618,0.9253519168346804,0.9155890901880394,0.9136660755665337,0.8858448309539831,0.9162799246596959,0.9007840306586414,0.8351397071617167
111,123,101,0.8863966352622183,0.8887999717996611,0.9106104298160779,0.8821593387817298,0.8853355110512505,0.8621890655679163,0.8887682829022986,0.866779211072706,0.7969789318901626
112,124,103,0.9028014719645177,0.9034676049165674,0.9226340891658269,0.8978418127901562,0.9006317376045578,0.8810998712555644,0.9180000329138206,0.9037981547735471,0.8604466110220155
113,125,52,0.6066145963196165,0.6120393274994684,0.8092917415448321,0.6089054120770018,0.6118719148953754,0.46979384375265526,0.6459203059262609,0.6047494688335475,0.8264548102392303
114,126,104,0.5853334631880371,0.5968736704926092,0.8054590371539218,0.6179779130356059,0.6324707352390136,0.6127031076886486,0.6784548067544619,0.664307180872723,0.8467794822982865
115,127,105,0.6837741899921755,0.6924490156380343,0.8286534101637086,0.6850381237673039,0.6933446222740953,0.6847217071247762,0.7261972473979617,0.7003173560713006,0.8747202137754718
116,128,106,0.7479051412755175,0.759406043516037,0.8282284740445539,0.7477763791760623,0.7615084895476766,0.7452516883901799,0.7691919316703311,0.7493703034337994,0.8882209811456309
117,129,107,0.7697222024556201,0.7949132168479666,0.8234584852955049,0.775937203612915,0.7892762978861159,0.7918046580989241,0.7933450955390181,0.7853541589603883,0.8909013007913574
118,130,108,0.7807732044331902,0.819910039446034,0.830650016421973,0.7895375120402229,0.802852748995186,0.8079791587918158,0.8128005911397388,0.8023649797213533,0.8910538357713328
119,131,109,0.7953350292745436,0.8268076342382621,0.8446585805692238,0.800648242153459,0.8150845837114448,0.8152782911926626,0.8242265988624422,0.8079623686250236,0.886418478847592
120,132,110,0.80302483993722,0.8307468654644635,0.843966353985214,0.8075736748522945,0.8222461713308259,0.8196905241351217,0.8321929568860871,0.8140952302606647,0.8815978192546557
121,133,111,0.8142823747965552,0.8396761945666119,0.8514450890907206,0.8192789113428478,0.8327686773236713,0.829967269087437,0.844219484954123,0.8267266489175255,0.8823293669564864
122,134,112,0.8323812782248469,0.8545667119665528,0.8597414623092933,0.8368660754490647,0.8473171623193826,0.8446831721550631,0.8608847365763534,0.8437928085139627,0.8800198543539527
123,135,113,0.6638164542354235,0.6677907411453801,0.6605267065280027,0.643015922732484,0.6458155301609225,0.5935842295837013,0.6613363889488508,0.6039639717156102,0.49522885065916805
124,136,114,0.6747025161926944,0.6785066727591293,0.67789008951998,0.6540005986466397,0.6572638215760273,0.6063433543218832,0.6727490381716111,0.6147544450811839,0.503179914339332
125,137,115,0.679713333820642,0.683985762363357,0.6861312536329224,0.659436901880098,0.6628376043578206,0.6120960522232778,0.6785111173350561,0.621392308918249,0.5056622304882518
126,138,116,0.6878384019896296,0.6921787077850945,0.6992340734019197,0.6682591679121478,0.6721699945458185,0.622404178596902,0.6879180816234625,0.6310201075598905,0.5127272613479702
127,139,117,0.7121368352694196,0.7173356172764477,0.7388439409433937,0.6949687766379503,0.6999632819524841,0.6544427852909704,0.7169314351497067,0.6646066504915095,0.5387620335240699
128,140,118,0.7203269893202279,0.7250946798578123,0.7476564376291843,0.7044586888999967,0.7092418849349238,0.6635323422330911,0.7264548835833308,0.6753919449944196,0.5486446388419627
129,141,118,0.7118736051269907,0.7171670980805581,0.7405782681652516,0.6944609653184698,0.6995360702012513,0.6552737949571937,0.7168857623261946,0.6642547293482276,0.5385262239461202
130,142,119,0.7239710438995098,0.7296051036784099,0.7554194864770462,0.7077014068768254,0.7127106411399237,0.6699050638256973,0.7301313292564047,0.6797479828311351,0.5511991075669218
131,143,120,0.7312577454260084,0.7361186437174567,0.7621903929536447,0.7162524351389467,0.7206282318575205,0.6772332591539485,0.7382828815487116,0.6891609016819309,0.5616926709842537
132,144,121,0.7338125511106631,0.7401976011378784,0.7757473288767704,0.7184467988200144,0.7235008415045857,0.6855123536232437,0.741598391022934,0.6944003954020019,0.5684209973148301
133,145,123,0.7452462918184385,0.7506979846077688,0.7786834201615158,0.7309117326710541,0.7348835469461428,0.693753517205036,0.7517653262562195,0.7062750626542443,0.5806559548262981
134,146,122,0.77020105315649,0.778171365260361,0.7970120375247409,0.7568409472065402,0.7598918475644098,0.7177928972350166,0.7732738121242253,0.7332241296681756,0.6024407411455058
135,147,123,0.7473605582096221,0.7530437556781748,0.7814747709773092,0.7334478045621996,0.7377653676470397,0.6966997285531633,0.754045353992283,0.7091545145471494,0.5840885652213281
136,148,122,0.7406216617662571,0.7466883985531992,0.781033344574535,0.7256704880778552,0.7299040123474736,0.6918235743890262,0.7479034141780164,0.7018406287250535,0.5765037656859475
137,149,124,0.7490694153616353,0.7557294559536087,0.7943908661886939,0.735646318036402,0.7390637160673079,0.7027364084774249,0.7563912054693177,0.7126070251816216,0.5907940550569359
138,150,125,0.749978492985933,0.7553723954406272,0.7882055165603338,0.7375231433390225,0.7399673917080674,0.6985915447610832,0.7541377078468203,0.710545396647623,0.5874911775363747
139,151,126,0.7567209325255296,0.7629216332362925,0.7963654054278213,0.7443296191503317,0.7475881167344112,0.7070440223168744,0.760719096874271,0.7185010319804971,0.5974149694824302
140,152,127,0.8338640692762616,0.8400174409384895,0.86973806583873,0.8284668854081825,0.8313667458788044,0.8002042643195763,0.8393677309993355,0.8102819195744858,0.713857933663925
141,153,128,0.8396715714740914,0.8459611547165694,0.8749131364147643,0.8343941764382496,0.8374700708360616,0.8070355990629008,0.8447611251331298,0.8167831532874769,0.7237584593117955
142,154,129,0.8022396543339118,0.8075990372389616,0.8381796952333084,0.7909896589953646,0.7941272017754906,0.7493278735411051,0.8024629107051184,0.7712386846004378,0.6596742169916245
143,155,130,0.8362203341717305,0.8408150407027694,0.8703434101063954,0.82994326212716,0.8335683328881465,0.8017195044934966,0.8395646931297416,0.8122542910104474,0.7218710699956419
144,156,130,0.845218185627015,0.8508912508584802,0.8793184072781309,0.8385506275360065,0.842934140074008,0.8138435463734521,0.8481966409817635,0.8216557052698874,0.7340836212532248
145,157,131,0.8544919213104712,0.8583213672775262,0.8802248837023651,0.8495425968182063,0.8513769349340348,0.8182704153596241,0.8574649479496567,0.8329547800904092,0.7442101506786756
146,158,131,0.85802632067562,0.8623758831012536,0.9023846332716129,0.8520639908652806,0.8526499550920885,0.8387917468892548,0.8689877876360459,0.852260880323873,0.8169504765268712
147,159,132,0.850697062654493,0.855634827643891,0.8838073127074125,0.8447586780596856,0.849106604571361,0.8205497015495138,0.8540246244226701,0.8283183092450772,0.7427354880581627
148,160,133,0.7856024227620173,0.7962862193221133,0.8099647560295743,0.7711433456897648,0.7774727763121265,0.7479582913357502,0.7941904050011982,0.7479184578680859,0.6416712910180677
149,161,133,0.8781564445224799,0.8859914246663357,0.9143373473855583,0.8737184558681504,0.8797030927272553,0.8649237734281019,0.8862914631858191,0.8622362640594096,0.8060024420914773
150,162,134,0.9089497856972,0.9077924883006993,0.917670411771865,0.9060599774017801,0.903423363283374,0.8972225878967214,0.9173792195239219,0.9015127026490855,0.87506764573774
151,163,134,0.923618683445814,0.927802647768688,0.9454036530848674,0.9202451342272524,0.9240657779639392,0.9170081691988077,0.9285700712638313,0.9133631231758742,0.878980575729545
152,164,144,0.8092202131374356,0.8226309214867834,0.863816836858906,0.8001137139327852,0.8097264196572346,0.7847395332135464,0.8168383210350211,0.7858592701031707,0.6924414597830973
153,165,135,0.8218907512504051,0.834278804197882,0.8736011117338877,0.813821335032366,0.8228454794836932,0.7995126578595247,0.8293294030519051,0.8001804343993373,0.7123624616353671
154,166,136,0.8541565555200644,0.8660524545448869,0.9000421570826566,0.846656133038547,0.8556972507066368,0.8396333039068248,0.8605842535788827,0.8337725810253045,0.763454498923405
155,167,137,0.8615786372633314,0.8726121522991548,0.9049521619409177,0.854604851654307,0.8631372859257671,0.8476705589350964,0.8677100909006268,0.8423368177415578,0.7752507547133047
156,168,136,0.8474723485500513,0.8567734814515945,0.8908400639892525,0.8418059261712164,0.8480785448326108,0.8272857432628902,0.8541927504251519,0.8286619296465138,0.7548159354139177
157,169,16,0.8079607995271395,0.8265960657513036,0.892485214963767,0.801422002386806,0.823446121311238,0.8458633602349006,0.8037614083899696,0.8262454763926433,0.9370052111503916
158,170,138,0.8608230616881597,0.8781047067551232,0.9420372111605841,0.8610470317991656,0.8815275080096387,0.9033500540745342,0.866350938688418,0.8765845944520992,0.9479683494008486
159,171,139,0.9389801858686869,0.9445623923704928,0.9776476177351953,0.9342122963095109,0.947564403831164,0.9613681346416967,0.9361979243275145,0.9398938451325861,0.9693267609091972
160,172,140,0.855544780384325,0.859331395173485,0.8828669015328209,0.8489581433236484,0.8497893966832643,0.819960762344404,0.8605682158726196,0.8350264431977907,0.7448659092928901
161,173,141,0.8388822999401268,0.8448726396208103,0.8734662356404485,0.8305812510116105,0.832619744719524,0.8003934764369086,0.8427696909481517,0.8159092505994683,0.7227334214158349
162,174,142,0.8207416028841142,0.8276907320971425,0.8581554798045333,0.8102105380524174,0.8138188385183446,0.7789797597125153,0.8231884205914635,0.7952363115168696,0.6963397234130179
163,175,143,0.760650134913165,0.7587961958360611,0.7626104759410229,0.740613394131479,0.7431569157063452,0.7089831093295792,0.7599696746852985,0.7053448684931511,0.6033226211428481
164,176,144,0.7793304458338199,0.778203858131553,0.7872865983305043,0.7563861527179119,0.7644362430396233,0.7318118979326119,0.7760517834297178,0.7308626237886601,0.6398446375237863
165,177,145,0.778476716661399,0.7861827963528238,0.8215706087187583,0.7663375989099267,0.7716533784670656,0.7384992275034356,0.787314534035561,0.7480091321550232,0.6324090012941211
166,178,124,0.7557919050267331,0.7618350675650685,0.787534738069678,0.7428497254316553,0.747577768484755,0.7038735780967368,0.7619088788194093,0.7175438703337303,0.5935521467993843
167,179,125,0.7517994709096423,0.733686517985565,0.7499440934409688,0.745252651262355,0.730778354355037,0.6837150265950166,0.7592879777150936,0.748391696830899,0.6894462749269525
168,180,146,0.999999999999998,0.9999999999999996,1.0,0.9999999999999958,0.9999999999999989,1.0,0.999999999999999,0.9999999999999989,0.9999999999999951
169,181,147,0.9650098798132751,0.9663955839627103,0.9749153638201231,0.9629014713643415,0.9637886469038042,0.9601647268374919,0.9661007837302289,0.9603301147629335,0.9425403184190386
170,182,148,0.964928196361891,0.9665541480870924,0.9751877437369395,0.9627275728026775,0.9637324057790275,0.9602210057454956,0.9658888109819669,0.960138541678883,0.9416756987430112
171,183,149,0.7325812439721782,0.7501950907517495,0.8340984260988177,0.7318988954872497,0.7304563373884416,0.7158702019187534,0.7710861810307491,0.729984588894561,0.7558714433082546
172,184,150,1.0,0.9999999999999996,1.0000000000000013,0.999999999999999,0.9999999999999984,1.0,1.0000000000000004,0.9999999999999971,0.9999999999999942
173,185,151,0.9999999999999983,0.9999999999999994,1.0,0.9999999999999981,0.999999999999999,0.9999999999999998,0.9999999999999987,0.9999999999999972,0.999999999999996
174,186,152,0.9822126396793722,0.9874165861422091,0.9420827568771363,0.9914960489836938,0.9897413892871005,0.9796087068723293,0.9874255850902243,0.9884031501337635,0.974880325432808
175,187,153,0.9828766080223171,0.9883773651481079,0.9423388349446633,0.9919017943929858,0.9898384722599313,0.9803798446857827,0.9877263886375286,0.9892847252303932,0.97681691898112
176,188,154,0.9832238649067978,0.9873692770494041,0.9417763834283058,0.9914907267649024,0.9900815178947303,0.9826967180589632,0.98805690143737,0.9897467879618967,0.9743657217205923
177,189,155,0.9837376657186427,0.9876086261551832,0.9419470791853927,0.9916574056129716,0.9904008529888919,0.9835494897761325,0.9890413921138532,0.9907857970185936,0.9761775775835169
178,190,156,0.9842331356477247,0.9884384012623758,0.9423427588372888,0.9913256852426501,0.9909315980820689,0.9849233827445457,0.9899678810976252,0.9924105347457096,0.977182648774123
179,191,157,0.984140232691024,0.9892161901723947,0.9427704941585096,0.9906404296090083,0.9911695225056525,0.9861129475793203,0.990667683313789,0.9933036701011158,0.9779754954714694
180,192,158,0.9841294680687805,0.9904579974944305,0.9432819771012649,0.9892416751167572,0.9911793201701904,0.9878857234557281,0.9914775700056297,0.9923903317208699,0.980154871691288
181,193,159,0.984239023221723,0.9908162572464067,0.9432547990129503,0.9886947795518538,0.9913211488664277,0.9884818050399001,0.99205639552962,0.9918745836458787,0.9814194444474399
182,194,160,0.984026534927217,0.9913831645531272,0.9435187324289385,0.9882223776834411,0.9911831232043975,0.9885833101859995,0.992483748413054,0.9914937847583883,0.9818854780012809
183,195,5,-1.0,-1.0,-1.0,-1.0,-1.0,-1.0,-1.0,-1.0,0.940624413154101
184,196,162,0.8067268403289011,0.8085505700348653,0.7780755937261826,0.8127919674523936,0.7962627723610299,0.7404897957306033,0.8357305947247,0.797117358075564,0.8368273671885588
185,197,163,0.797417531631453,0.8007510602450305,0.7783550580481866,0.8038695422125657,0.7893591525780093,0.7405369755566519,0.8295047370366894,0.7870216758836045,0.8170771011878258
186,198,164,0.7924605042962539,0.7965638433312197,0.7782971933006722,0.7988925198306909,0.784947647974839,0.7404009938227276,0.8253130058474694,0.7818086731654845,0.8175403368843835
187,199,165,0.7874471696672797,0.7924597182181053,0.7790696594442764,0.7936075439574678,0.7810202036715413,0.7407016138633763,0.8208500994137257,0.778829124819828,0.8159036563904105
188,201,166,-1.0,-1.0,-1.0,-1.0,-1.0,-1.0,-1.0,-1.0,-1.0
189,202,167,0.7223375690365462,0.7373063374889511,0.7452935352314878,0.7233624696435238,0.7247667417129143,0.7067239694111769,0.7579626457472508,0.723546839450105,0.7656762365678405
190,203,168,0.7262277086549128,0.7405611992529549,0.7421915801603209,0.7265162352449888,0.7272966133708282,0.7062866649253858,0.7620235673649237,0.7255686229608375,0.7674836292171737
191,204,170,0.9999999999999801,0.9999999999999993,1.0000000000000002,0.9999999999999983,0.9999999999999989,0.9999999999999994,0.9999999999999994,0.9999999999999976,0.9999999999999926
192,205,56,0.7347778396542384,0.7590114814535698,0.7876680488831881,0.7383392703538635,0.7519143985983506,0.7553847429072652,0.7635556328599661,0.7588039164387854,0.9295019984510415
193,206,171,0.736227509874912,0.7587232132371662,0.7852292727263471,0.741080324880182,0.749613123927265,0.7480235930598423,0.7678258421040266,0.7566457277729535,0.9142354568500234
194,207,172,0.7376364325533814,0.7596207021138216,0.7984271080339536,0.7416814624758176,0.749192757738273,0.7452768883148357,0.7690087780873758,0.7544850524806871,0.9051237810066607
195,208,173,0.7397701691214813,0.7613859506973387,0.8005452613746933,0.742928431680396,0.7503589178847299,0.7449218545635851,0.7704053489417766,0.753884808642078,0.900336975888475
196,209,174,0.7428028343380764,0.7632483786699646,0.7975810622815147,0.7456258872170562,0.7514777889856851,0.7429504855672926,0.7732459893914773,0.7544688730552472,0.8923607134688528
197,210,175,0.746485811290362,0.7659971883637398,0.7950870297213704,0.7484047788640875,0.7537776449355158,0.7423021814732673,0.7759681103960346,0.7550823338922932,0.8854955846178731
198,211,176,0.7507617634849535,0.7693541486061785,0.7907924735772975,0.7520019426899709,0.7568960663448401,0.7420839819830071,0.7793972635238937,0.7565491413918068,0.8781978788256853
199,212,177,0.754343783287463,0.7723380247080573,0.7858461123765397,0.7558131286303169,0.7596980814518858,0.7410579895736242,0.7831640174870036,0.7584013950889908,0.8697080800703706
200,213,178,0.7605889626105469,0.7783943120141049,0.7897771549205721,0.762362139798234,0.7656609532911843,0.7418442681264353,0.7890927442217166,0.7621241322682243,0.8584986393138389
201,214,179,7.861993774503067e-06,2.4745930087922056e-22,5.9228741968705706e-95,0.000322283444284829,0.026307275188719535,1.0500270481374223e-48,1.2863523237109467e-76,7.290260404587488e-51,9.228523683834327e-54
202,215,223,0.962894151470046,0.9621725389685476,0.9719321676963418,0.9615281180581735,0.9621083935082698,0.9589975377806597,0.9646477451771692,0.9583475987959778,0.9420718663314132
203,216,181,-1.0,-1.0,-1.0,-1.0,-1.0,-1.0,-1.0,-1.0,-1.0
204,217,72,0.39987333692357085,0.40094781369019417,0.4910090848191588,0.39330332289225434,0.3999222214919125,0.3951002842849749,0.3856292693788852,0.3393260605963444,0.40482153351818834
205,218,182,0.44078220338166685,0.44420810624804424,0.4516301661477174,0.428647231354152,0.43750898824498874,0.4256572518986688,0.42914932392395544,0.3815115455164419,0.42895871891209186
206,219,183,0.4620075354154044,0.4646509745508771,0.4431710274811311,0.4509096995630913,0.45916617202586407,0.4451418421582829,0.4506051268575723,0.4042731802413711,0.4503853521199153
207,220,184,0.4974785339745632,0.5017056071869955,0.44615289034528804,0.4825025237559445,0.49158721254926363,0.4710649976776117,0.4874444269201795,0.439548292934783,0.4681975587663698
208,221,183,0.49510847118232837,0.5019828465936806,0.4778027974187826,0.4765736995686516,0.48737363284239055,0.46599203235955067,0.4872708818533189,0.43768198966233707,0.45160054605835076
209,222,185,0.5062851200992511,0.5110534787914061,0.4572280988253366,0.4904291732159157,0.49970076280989084,0.47797443288340574,0.49733771112147485,0.4487317948697576,0.47116448404612726
210,223,186,0.5440975205509488,0.5497729626913924,0.49047497826030845,0.5256794822998371,0.5341534904700135,0.5033477279538003,0.5357616837305033,0.4848245645769534,0.483730765854547
211,224,185,0.5303206043986826,0.5386104998295294,0.5042085781839326,0.5094319540454737,0.5208376284763921,0.4910840798449668,0.5233000302548814,0.47130874548997115,0.4639608213255099
212,225,187,0.556837766024687,0.564270036872821,0.5216378042106735,0.5356353811478922,0.5457281223996744,0.5096470111935184,0.549301211854184,0.4953653767684873,0.4765142137580116
213,226,113,0.6123060420977094,0.6104651073302086,0.6092904347178966,0.5888229694605349,0.5928512967263365,0.5337260685985284,0.6042464556251482,0.5413318781775274,0.46366491327743325
214,227,188,0.5825929372621543,0.5809390535593345,0.5747328788256102,0.5577495681537349,0.5646640114548231,0.51004993434256,0.5722370554636483,0.5092684312931678,0.45592622122071536
215,228,189,0.5419152714803286,0.5417810523718516,0.5201206074100303,0.5173030932435089,0.5262926140989608,0.48204807125617616,0.5289586201146794,0.4706841516746388,0.4475323473981045
216,229,190,0.5124783732039335,0.5134041252972672,0.48134131005392305,0.4881579059749242,0.49896898511211957,0.4633602365284237,0.49690838465583387,0.44336313368447156,0.4444433401557007
217,230,191,0.48941372965664537,0.49209930119058043,0.45003300259139334,0.46692813620589274,0.47819484268130275,0.44893002308057267,0.4740388699158818,0.4246919644150246,0.4408167395611577
218,231,192,0.31550234148344575,0.33944361426711606,0.12847126505581677,0.32330428301930864,0.34528144423818363,0.3569917440858513,0.2931299966779775,0.2740440037220947,0.2947896919484023
219,232,72,0.4917185356814213,0.49500293707080334,0.43293646348557785,0.47731964136444466,0.4879134182298711,0.46817289722278976,0.47793241239474316,0.43308597437914137,0.46749521659010607
220,233,117,0.7688374894443591,0.7714509693415964,0.8086654512155567,0.7564730721532704,0.7560013755808963,0.7143559335416114,0.7774771006942588,0.7450938973252558,0.6156338469309539
221,234,194,0.7399253832678471,0.7422112966181974,0.7794507093522793,0.7248362469176589,0.7256289260564116,0.6843673237480754,0.7477282224780009,0.709560524513999,0.5851616663687328
222,235,195,0.6917547277181012,0.6944534149902388,0.7283823986803739,0.6724273136831418,0.6779326619620732,0.6403693335134896,0.6969396762726878,0.6519527900375583,0.5764804778509742
223,236,82,0.8322015897116183,0.8388840110056235,0.8904366279267618,0.814786442667644,0.8188361885647113,0.7911340231413369,0.8293814581326261,0.8015150530274238,0.7066904267168996
224,237,196,0.8218686595369334,0.8286199031425558,0.8835164436166116,0.8037387541338938,0.808210306814855,0.7785373711840684,0.8178536554496608,0.7889854661681918,0.6930962983314696
225,238,197,0.7475090792922882,0.7536758893169766,0.82787699684956,0.727656688357788,0.7359178224796269,0.6900428688814183,0.7377437194533204,0.7164257704563888,0.6278541256744812
226,239,198,0.7473060712201918,0.7673478035517759,0.8176490159236259,0.7309537384625752,0.7430723591481886,0.7118322939199625,0.7558678654767413,0.7037729829263091,0.5866610696008941
227,240,199,0.765079704071515,0.784807617722236,0.8328705368426771,0.7501414367495344,0.761997529803407,0.7320381324812032,0.7732653380174465,0.7240815663987804,0.6116167052393031
228,241,200,0.7804241521180846,0.7992759186456041,0.8441362028194259,0.7667490616837901,0.7778013275560788,0.7487554429626399,0.788029622910629,0.7417788101799248,0.6343800497683362
229,242,201,0.8004679470669637,0.8172809044548525,0.8571110090455992,0.7884720748893839,0.7977647993570007,0.7693933836318365,0.8067001948912591,0.7645775900901075,0.6657037559133034
230,243,202,0.8240790380138433,0.8387984003809893,0.8734297590514135,0.8136496007468076,0.8222041803658847,0.7951265080707691,0.8286382567064612,0.7919392772655431,0.7007430818903294
231,244,203,0.8829650451892694,0.8912659436529514,0.9150625622827879,0.877613775763039,0.882922075154053,0.8625293274520383,0.8866324003826027,0.8605182364665221,0.7944142055427447
232,245,204,0.9408586100144564,0.9492046673051305,0.9634142763891882,0.9493583090999519,0.9471487916540478,0.9306997252588877,0.9611849358749068,0.950815851254516,0.9182626237723233
233,246,205,0.8993367008434746,0.8665928999000616,0.8906113591210401,0.9126396055864344,0.9324000514515371,0.8772506985277366,0.9487780940895159,0.9280245704209551,0.877462254523862
234,247,206,0.9999998523936692,0.9999989071583635,0.9999997266767723,0.9999994123736561,0.9999993106359308,0.9999999671336335,0.9999961504019496,0.9999965921378309,0.9999997920140206
235,248,129,0.9561005937500469,0.9590762554350627,0.9657092851444543,0.9522681372862607,0.9551749160194158,0.9507125939277958,0.9562898129206002,0.9481184461475373,0.9318937107696248
236,249,207,0.9573570379485501,0.9603550909411398,0.9668079088160489,0.9537033941805246,0.9565730590967828,0.9522607964910027,0.9576726223300804,0.9496803517872573,0.934008427360581
237,250,208,0.7700602297383743,0.7736923437265353,0.790935883011513,0.7558096422797419,0.7587907635734709,0.7187654067762854,0.7747783927098825,0.7306699581627935,0.6110323013993981
238,251,208,0.8646025107367683,0.8699551001374234,0.8970918162605258,0.8597855888365988,0.8645099661617859,0.8416654692334146,0.8698206561695077,0.8440653724459998,0.770622229755841
239,252,209,0.999999999999991,0.9999999999999994,1.0,0.9999999999999983,0.9999999999999991,0.9999999999999996,0.9999999999999988,0.9999999999999972,0.999999999999995
240,253,210,0.8515971233845483,0.8789975506827322,0.9285559307812632,0.8510436308628827,0.8673174029764815,0.862530619366748,0.8768888782872912,0.8619468777484549,0.8519219251534774
241,254,211,0.8523581750522321,0.8798754720958538,0.9289395553367592,0.8520682518143339,0.8679135162493176,0.8639580292071692,0.8776353744063284,0.8629571574071533,0.8534040403413258
242,255,212,0.5604984650774962,0.5652300569880169,0.5211181416545275,0.5462132589584052,0.5525687368442731,0.5226312402773269,0.5563862391595876,0.5078316803085181,0.49852853888729526
243,257,212,0.6487018916346874,0.6528239266223683,0.6123797773877653,0.630790581165575,0.6319375542137798,0.5803486708351316,0.6454056124615225,0.5927427430178468,0.522016320198646
244,258,121,0.7363712438972628,0.7429427181586988,0.787515564677906,0.7187531741458035,0.723442723824554,0.6897116914627308,0.7435133235472801,0.6975888654516855,0.5792427147689345
245,259,213,0.7004463968529924,0.708417682172204,0.756512376354073,0.679560075742383,0.6873853915111519,0.6523766566941567,0.706159040004615,0.6519569911288317,0.5378632815943546
246,260,76,0.9893586377223196,0.9897828049750914,0.9909304659905153,0.9889603003684526,0.9887677705700284,0.9859821090985587,0.9891470669767354,0.9873371144086505,0.9811893119488605
247,261,205,0.846432596896614,0.8490463090974387,0.8818104303778913,0.8454514948059767,0.8404538430782678,0.8240303615088742,0.8575285462992999,0.8397287650044889,0.7855665609456042
248,262,215,0.9470752579706313,0.9490809872249516,0.9615064419143194,0.94442624323187,0.9466043760345635,0.9408393446784745,0.9489242159080561,0.9373710591475822,0.9111771365368142
249,263,215,0.9661689834562964,0.9663963914221976,0.9735014577386966,0.9651490432265513,0.965470243865208,0.9588754855335699,0.9662361847737252,0.9606265450806175,0.9430131027435801
250,264,102,0.9034948904206105,0.9079316359918181,0.931112850115992,0.9004340745587104,0.9035241778786491,0.894778972585643,0.9102259642464432,0.8913496315498027,0.8492702417703222
251,265,216,0.9453188278319011,0.9477731994713642,0.9607429181392059,0.9423972937928862,0.9445209753002215,0.9388693405125617,0.9469815223947226,0.9360246312739726,0.9094711152301637
252,266,217,0.9503854965311935,0.9514348846744519,0.963402483545797,0.94765491176113,0.9497677706498001,0.9439658105519275,0.9514296770391767,0.9422640213788098,0.9183822603791229
253,267,217,0.9532791904629396,0.9546323816840698,0.9656148275919214,0.9509567525481966,0.9523936821549731,0.9466585498758331,0.9545133167397134,0.9452958127084402,0.9224706473748173
254,268,216,0.9371681895989455,0.936965265601798,0.9502869320151662,0.9350058515215461,0.9363473650354458,0.9258701512515998,0.9383010906763478,0.9265007642292717,0.8896727350180382
255,269,219,0.9583904444467252,0.9582070749441508,0.9673044963577988,0.9567523856613608,0.957541412871449,0.9508975721475255,0.9603638417399069,0.9517707819635977,0.9305758731321335
256,270,220,0.9790741518222615,0.9786534447127856,0.9813658169284485,0.9780205689251369,0.9784719683830532,0.9720862803713761,0.9785930188426877,0.9747927546302703,0.9626122397951575
257,271,222,0.9258317968717028,0.9320042629400563,0.9467194394713445,0.9265287836544028,0.9275144744010495,0.9238861033132132,0.9326611686058456,0.9269598630779055,0.8951227241505444
258,272,221,0.965416198758426,0.965022041907476,0.9717392881549625,0.9639021089748313,0.9650136795551132,0.9579376654660651,0.9653465798967416,0.9596448390005704,0.937722296439495
259,273,218,0.9613133396092277,0.962020974199113,0.9703147920403238,0.9595005792479381,0.9603880089332273,0.9543271631838351,0.9615991595377401,0.9547232498421965,0.9357150835088024
260,274,222,0.96637555690262,0.9662981757696354,0.9739904450262807,0.9648091706518119,0.9656835538855824,0.9603415895441381,0.9663267710663792,0.9604870330026094,0.9433652512529035
261,275,223,0.9811515210481325,0.9815564271256062,0.9844067518860599,0.9804395147237412,0.9803999760310483,0.9767177524042803,0.981311126942869,0.9786556839782744,0.9681809719974152
262,276,103,0.9524363738652492,0.9533409119371191,0.9631502860017572,0.951022561883236,0.9521667214962473,0.9448532339650909,0.9542278974222129,0.9438462257657634,0.9188769437025059
263,277,224,0.9607871319130952,0.9608530459485374,0.9684725910701852,0.9590183465706521,0.9599805252393627,0.953529536094373,0.9623984620884743,0.9543010075663086,0.9340750255230342
264,278,225,0.9653909029479453,0.9649124653331838,0.9722303761479514,0.9642009058229807,0.9646066110124019,0.9579436215826401,0.9659423181291827,0.9590553242129175,0.9409964536876313
265,279,226,0.9709260560809485,0.9702746521168751,0.975724947470961,0.9700190011104803,0.9701784651358453,0.9634576863236082,0.970907186808207,0.965407427077594,0.9497024906480332
266,280,42,0.9494174764716169,0.9521355359359552,0.9630548823842083,0.9469477588813388,0.9493066963176485,0.9436582262738953,0.9522485382618527,0.9415431635494269,0.9172709431367282
267,281,354,0.9801542645296526,0.9811056543761982,0.9820747844354714,0.9792918630044712,0.9797671640268043,0.9738047564245087,0.9792199412245798,0.9762591583157665,0.9640472388536326
268,282,459,0.9807130787185077,0.9802700414045925,0.9815303755714064,0.9787738587776124,0.9795994537219435,0.973783352902575,0.9786575000081459,0.9753159947411406,0.9630198052673598
269,283,460,0.9793684973474054,0.978413380931738,0.9808417318397777,0.9776894532588967,0.97822364781567,0.973251936860103,0.9782496658214932,0.9743659808150457,0.9619313694542992
270,284,461,0.980032093393128,0.9799104641064306,0.9813575747887686,0.9785050500147842,0.9790139027138409,0.9732449674062561,0.9792258190517262,0.9762451738526724,0.9647222134830065
271,285,462,0.9800267334991541,0.9795982059658087,0.9806573037013291,0.9786870006528824,0.9788380643460415,0.9725179776895663,0.978314512075463,0.9758718751617927,0.9652190859055779
272,286,355,0.9812195039764205,0.97980735935999,0.9822292583379211,0.9796294218265114,0.9792057436368331,0.9734956585867524,0.979149812380231,0.9766217001514014,0.9660535327013531
273,287,47,0.983244606227162,0.9832935141298634,0.9854465149763405,0.9818658284759528,0.9824089436939305,0.978294914561742,0.9825406296732606,0.9807917172088803,0.9717945114413763
274,288,463,0.9842601357693463,0.9841601853045112,0.9861951460351243,0.9826877903205772,0.9833633432017894,0.9795762997087983,0.9835177289500779,0.9818524479791962,0.9733090695205431
275,289,463,0.9813060323846751,0.9812459219519407,0.9835261062970556,0.9804869094163767,0.9806293430232749,0.9752956124106692,0.9807244871650573,0.9781794983735044,0.9675772354248496
276,290,464,0.9879345469690797,0.9881670000102434,0.9886376290848264,0.9872965809092062,0.9874775264881872,0.9839137243340754,0.9880903266144134,0.98731084914395,0.980728119695585
277,291,465,0.9879918197364645,0.9882540578223941,0.9886829366066536,0.9874360182766395,0.9875301095397502,0.9839354330536184,0.9879811339443868,0.9872015031973707,0.980618621774195
278,292,466,0.9937749007204723,0.9933224754677001,0.9948490579851587,0.9937919017607973,0.9935424349113218,0.9927299208629343,0.9947146959542664,0.9947905889750626,0.9931301871782015
279,293,465,0.9877986729328898,0.9884974583702905,0.9899852561178608,0.9872793672989214,0.9877389144229047,0.9845946344710407,0.9888577697209595,0.986553689142388,0.9809404981518514
280,294,466,0.9908163874290717,0.9907254442544963,0.9919904883911026,0.9898197781097084,0.9900973450526106,0.9887831105545926,0.9898700129432686,0.9883518315858336,0.9833088520080959
281,295,471,0.9927973810900005,0.9926249803799476,0.9941435319862885,0.9924411706962879,0.9924668970495675,0.9916508373681295,0.9933292969012638,0.9926937235580073,0.9891960450084979
282,296,470,0.9884180208289062,0.9882925284502061,0.9901361268222412,0.9878497186386168,0.9877514182659066,0.9849309994793551,0.9890384621595373,0.9881788600911925,0.9812297370496442
283,297,459,0.9823971198467384,0.9835822195393736,0.9864015644391376,0.9821568352478091,0.9815625643060689,0.9784542169660994,0.9825311009657646,0.9810056200391681,0.9742834914858985
284,299,460,0.9755476910601503,0.9748533181650743,0.9771498560656446,0.9742338152696686,0.974412796302946,0.9682778427281188,0.9748331643444547,0.9703689142647494,0.9557586624203651
285,300,467,0.9803759327081152,0.9805247532767531,0.9821083356654462,0.9789703421264992,0.9792837955261273,0.9743429332810418,0.9799918339844084,0.9772733381951746,0.9667936210621373
286,301,470,0.9721806157855656,0.9723344344930765,0.9799379496922547,0.9716664156244247,0.9717923278000749,0.9714134879879962,0.9759080839265392,0.972394944042156,0.9610331923667831
287,307,239,0.9955620848071152,0.9960906078416397,0.9958661836481737,0.9956377098997484,0.9956487233922497,0.9947238199227311,0.9951049465637185,0.9943074237868695,0.9913609461617563
288,308,240,0.9955871114436033,0.9960654931582272,0.9958896790999612,0.9956613053730572,0.9956504588288237,0.9947521525009813,0.995132516146102,0.9942828677849407,0.9913788896466389
289,309,240,0.9719525637464463,0.969618747676841,0.9726718034545146,0.9695511814453284,0.9705723780102897,0.9612295626848252,0.9710737716168306,0.9686295132029217,0.9496037241640065
290,310,43,0.9695472786366116,0.967590511512841,0.9712077698022744,0.9679076084316863,0.9682555297597342,0.9589269382438471,0.9698713332007889,0.9670991513122648,0.9475552205137092
291,311,241,0.8631096052254206,0.8753053305370704,0.9201049721845678,0.8532537675227211,0.8665182807733618,0.865613519939163,0.8586401025992714,0.8585785942310376,0.8780630533991649
292,312,241,0.8628697078659571,0.874781432494474,0.9195998529938811,0.8529035706113758,0.8664408514817956,0.8656735186278367,0.8585160826946713,0.8593812105549739,0.8767136551010336
293,313,242,0.984058433175738,0.9838181461988373,0.9858345954500048,0.984007658037694,0.9847659309813444,0.9817618548382353,0.9864376996910059,0.9809251517716079,0.9678599480294182
294,314,243,0.9221030350024687,0.9283702457788754,0.9407934616109214,0.9213375749264626,0.9241394398318609,0.9165758796147906,0.9344473025439426,0.92281783615997,0.9028198964137815
295,315,244,0.8957863803685503,0.9019622637765498,0.9282284066677086,0.8926757927357295,0.8981654129096286,0.8883384206075389,0.9001649327630425,0.8855508509109763,0.8658141065427586
296,316,244,0.9723614946093392,0.9741786177587503,0.9783118822895449,0.9727431896978935,0.9730959352002287,0.9694452054910871,0.978415045279256,0.9726529732881106,0.9599603788564955
297,317,246,0.9403418011712739,0.9431154744452264,0.9598997367718479,0.9355590357372395,0.9412555419416848,0.9375631311380632,0.9436552836139744,0.9316196979753376,0.9183406714288518
298,318,247,0.7459540100242037,0.752367453542115,0.7123194711833039,0.7688570583856202,0.7527373979612906,0.6865376960520929,0.8225057390071223,0.8156602044470307,0.8498555677033737
299,319,245,0.8381796494568766,0.8511592944675872,0.9046498024361866,0.8308705056770065,0.8404236617748939,0.8337116292722396,0.8644725100660713,0.8448988967035017,0.8389947843669541
300,320,246,0.9426314705283162,0.9450339127387836,0.9611997121652558,0.9382079565331957,0.9431983967736626,0.9398571292317924,0.9454954194522304,0.9329391306775612,0.919555739952499
301,321,248,0.9064011370565316,0.9124130808436508,0.9293646816239186,0.9065516106267156,0.9090784576928641,0.9071595753526148,0.9309363284921459,0.9233384790806621,0.9195021049381203
302,322,250,0.9309328675599118,0.9344835184777803,0.9449658203641287,0.9310467225780326,0.9323119363221617,0.930557064374137,0.9469306291190015,0.9402031404410085,0.9356485306832123
303,323,268,0.9286412836558318,0.9341473849624684,0.9530348112264685,0.9303230842110278,0.932386333389917,0.9253631274055095,0.9503714996226396,0.9449885617743602,0.9506784968027345
304,324,249,0.9337033432637304,0.9386226840314366,0.9561253404197181,0.9352333894436905,0.9374765768625837,0.9309987165262675,0.9529111311883811,0.9469141755041667,0.951469632239423
305,325,250,0.9803876314277242,0.981144949282475,0.9857888276994411,0.9797726042460313,0.980706473072657,0.9782735658345909,0.9812096154728508,0.9778937543663841,0.9729907629638338
306,326,245,0.9677053140675773,0.9687951693960459,0.9775177447756853,0.9660694981169332,0.9676823652732686,0.9636067107862618,0.967383769909384,0.9600934365305466,0.943541565705817
307,327,251,0.970108888741953,0.9709739584344916,0.9789739117063896,0.9686347080754097,0.9700585045284735,0.9663204400583154,0.9697700001174009,0.9629487437635548,0.9475635830375418
308,328,252,0.9762109728856668,0.9765241897095401,0.9823788397781926,0.9750623914751382,0.9760085661410736,0.9726611059779358,0.9755550708425573,0.9703513454795181,0.9581748702818967
309,329,253,0.9761001951427781,0.978600504807194,0.9868904730270376,0.9747175849665675,0.9771926532817452,0.9769177084853279,0.977552990942608,0.9726623669368193,0.9706758951979866
310,330,254,0.9759442802120337,0.9785146144854259,0.9869848063751377,0.974577750572013,0.9770268300259377,0.9767550428218511,0.9774507509048469,0.9726715640341606,0.9707620652123267
311,331,255,0.9760790750768572,0.9788979534774611,0.9459080136648673,0.9748421531959242,0.977137358066901,0.9769048200959713,0.9775283891608496,0.9727966038869549,0.9707577715840063
312,332,256,0.9761129569477075,0.9794629389431185,0.9552233826557198,0.9761209815069576,0.9776176250076021,0.9773364126192441,0.9793387035344528,0.9769626986105855,0.9804447051663118
313,333,256,0.9704459842483574,0.9747372527494862,0.9495886503817051,0.9800408713701867,0.9760359420623743,0.9801333292217761,0.9835855922639509,0.9902390137089279,0.9960489525123485
314,334,257,0.9926909918946336,0.9924480443002887,0.996169389678275,0.996921749793083,0.993728477828933,0.9977606432937064,0.9987787911328546,0.9992899318040142,0.9996497575833734
315,335,258,0.9819230340516432,0.9860164527499025,0.9899013904381547,0.9919504772692409,0.9874994856488841,0.9903876228226772,0.9946289639651765,0.9973151522179345,0.9988645582463205
316,336,259,0.9795064066943747,0.9854377052891354,0.9890014330799877,0.990233835669536,0.9854030522657644,0.9895002452733463,0.9917147068963593,0.9964098928952281,0.9985315570601834
317,337,260,0.9705956530122144,0.9739913160773305,0.9637653836765556,0.9741946353011125,0.9730175065496919,0.9750256217568457,0.9819071919328711,0.9826768677291372,0.9941446985156422
318,338,261,0.9722788452838936,0.9758924524598244,0.9479766267080075,0.9747446442712137,0.9747826580367298,0.9761014909181803,0.9813248385842922,0.980930576442508,0.9912566466801074
319,339,262,0.9734257183716487,0.9765462926735796,0.9700399100774638,0.9736345772942535,0.9750476069004851,0.9750551177027835,0.9778181529318032,0.9753769741498765,0.9822687805674174
320,340,263,0.9734445019783851,0.9765666959461905,0.9718844369825671,0.9735015499073721,0.9751792342919114,0.974921911111884,0.9770943435297539,0.9743086860433771,0.9795096978671457
321,341,264,0.97338903606705,0.9758225782019969,0.9746046120487798,0.9725471722949626,0.9746989122623154,0.9744369456956965,0.9753834529672776,0.9715398249439842,0.9711925839462053
322,342,265,0.9741093255442836,0.9760796179378347,0.975209621205681,0.9731542530756594,0.9750544136008313,0.9746107177131832,0.9756296035581841,0.9714579676669922,0.9693281344346831
323,343,266,0.9736739805691274,0.9756546797952805,0.977292659743166,0.9726164859790492,0.974517671234786,0.9739551969722159,0.9747033902614206,0.9701205075527567,0.9643091056753005
324,344,267,0.9735171856629186,0.9755865433878053,0.9775574358684465,0.9724797875673162,0.9743829729275039,0.9737617326658452,0.9745328344943807,0.969868996171214,0.9635020267139753
325,345,268,0.9512285911022349,0.9522031595358679,0.9604542535024183,0.95334883293999,0.9531477756165112,0.9485551286492754,0.9682393975408494,0.966946781017707,0.9572649871099663
326,346,269,0.9608832859916165,0.9627246678533169,0.9674278149081448,0.963591711202585,0.9627968745926202,0.9602120362462305,0.9743583540897056,0.9731511204573141,0.9652497748973174
327,347,270,0.9694655722165391,0.9706869403791661,0.9730785743133638,0.9711139910895881,0.9707595265914746,0.9687410511490335,0.9792853427351494,0.9777231347191995,0.9718635108873829
328,348,271,0.9814320831976369,0.9833605693741384,0.9828774317702217,0.9823749146295293,0.9834997198728105,0.9826877595576521,0.9869491680674871,0.9847463694445789,0.9823473486569435
329,349,272,0.9811695854151978,0.9826581431881126,0.9828734508200955,0.9818293964974544,0.982758337898837,0.9816619774046461,0.9856935119770411,0.9834901559554461,0.9798654775781891
330,350,274,0.9999999999999987,0.9999999999999998,1.0,1.000000000000858,0.9999999999999992,0.9999999999999992,0.9999999999999986,0.9999999999999971,0.9999999999999962
331,351,275,0.9737112860999215,0.9763478241663699,0.9848782267453617,0.9721838506171353,0.9757234190086664,0.9747973577855743,0.975426402169039,0.9709921761735046,0.9638013760031972
332,352,276,0.9999999999999984,0.9999999999999997,0.9999999999999991,0.9999999999999971,0.9999999999999993,0.9999999999999998,0.9999999999999989,0.9999999999999979,0.9999999999999944
333,353,277,0.9716929868456498,0.9739471409953164,0.9818512503140013,0.9702983931024431,0.9728333067654374,0.9719633684374239,0.9734385307622287,0.9675667184926946,0.9568364528048375
334,354,278,0.999999999999998,0.9999999999999994,1.0,0.9999999999999976,0.9999999999999987,1.0000000000000002,0.9999999999999989,0.999999999999997,0.9999999999999946
335,355,279,0.9711262910141061,0.9736830103748584,0.9815482421491595,0.9701632791433931,0.9722990499173126,0.9711116825025372,0.9731338670955352,0.9667569517493673,0.9558574755918908
336,356,260,0.9793049805034684,0.9814310371855024,0.9668125690840318,0.980678580242484,0.9800267736952029,0.9789756067840081,0.986112957250435,0.9866455383383392,0.9936905835116429
337,357,280,0.9786448061665977,0.9812976653252719,0.9593237785519382,0.9784338711928982,0.9795122793822962,0.9784925736866403,0.9808473450730891,0.9781754843915091,0.9833463853690798
338,358,281,0.9781911271530491,0.980880171985117,0.9593329191981835,0.977945143416642,0.9791452005110185,0.9781669968794484,0.9802975521271029,0.9774988034141566,0.9824637579287023
339,359,282,0.9776226435975824,0.9804085546106222,0.9599070513269232,0.9773673666393334,0.9786948146365374,0.9778095451331297,0.9797098557119696,0.9768218868526231,0.9815433593074862
340,360,283,0.9773516590822487,0.9801329327368087,0.9602519111676738,0.9770720429258167,0.9784574270861183,0.9776336970075202,0.9793853680758916,0.9764015858260526,0.9808047096844317
341,361,284,0.9779619319867273,0.9803451176715505,0.959981794328792,0.9775318656095695,0.9788036525606499,0.9779007025081798,0.9794723016767014,0.9762065998349779,0.9794551365799212
342,362,285,0.9776269811798795,0.9799833953690539,0.9614404756600365,0.9771550711964073,0.9784910861134811,0.977516677720376,0.9791253125049213,0.9756966290406808,0.9783783246095009
343,363,286,0.9781820010348791,0.9802317741048868,0.9634923385925743,0.9776377774336841,0.9787451455378888,0.9774069229562631,0.9793992741330139,0.9757275002673433,0.9769300377120009
344,364,287,0.9782717668021537,0.9802404277048306,0.9651316285094654,0.9777133888758932,0.9786731057996231,0.9771529701401608,0.9794219394773056,0.9756374928191043,0.9759576758354983
345,365,342,-1.0,-1.0,0.9682841709176712,-1.0,-1.0,-1.0,-1.0,-1.0,-1.0
346,366,343,0.9513438020749105,0.9490960320182487,0.9417436817800394,0.9578964217835033,0.9545824720143596,0.9472025926254612,0.9722584556192527,0.9778684844321947,0.9788493208763673
347,367,288,0.9422234926723184,0.940048025932519,0.9323250703094785,0.9491295933175125,0.9474133943093889,0.9323707962074166,0.9709260435797473,0.9780070076808026,0.9785230990922323
348,368,289,0.9330651175423734,0.9328331548463543,0.9276560965709565,0.9440865219353197,0.9434668111757295,0.9222287173846382,0.9699578202366463,0.9779541671308778,0.9791969557793109
349,369,290,0.9215043883054209,0.9239551483373534,0.9258929685181181,0.9377312560658302,0.9376183919445944,0.9068631144876729,0.9700156666046964,0.9788294529684418,0.9798855617798928
350,370,291,0.9166270711737198,0.9164508460400806,0.9235222312729576,0.9326272966349749,0.9314933111484256,0.9001785500262719,0.9716580525848735,0.9802748122839302,0.9814495798694962
351,371,292,0.9148658050115611,0.9142212486764367,0.9428128998813309,0.932417035380327,0.9262883251235918,0.9123290584324721,0.9749278712034845,0.9815563117878794,0.9824918730905893
352,372,293,0.9057781991980646,0.9047039607981526,0.9432320043843593,0.9338014962174321,0.9317495237826177,0.891359155494905,0.977653305467213,0.9829327552512532,0.9841289284427451
353,373,294,0.9160290806944409,0.9179777522675456,0.9426317034210684,0.94352196353432,0.943009817231882,0.9047976219661978,0.9802266528726022,0.9848777628283755,0.9864267763441507
354,374,295,0.950687649589872,0.9517919505425648,0.950576448778751,0.9639569728986462,0.9571856565664274,0.9407281779009384,0.9821909782879357,0.9862249034918502,0.9884303527183556
355,375,296,0.999999999999998,1.000000000000002,1.0,0.9999999999999982,0.999999999999999,0.9999999999999999,0.9999999999999992,0.9999999999999938,0.9999999999999951
356,376,297,0.9931653716765607,0.9943227485035809,0.9920833869478313,0.993622090427784,0.993723744357438,0.992384755822882,0.9963131512437821,0.9963891160123316,0.9928033502413983
357,377,298,0.9931215136557993,0.9942875726870608,0.9920950899117587,0.9936383504102991,0.9936720741782707,0.9922551169427769,0.9962787569948717,0.9966092311549675,0.9939159088057161
358,378,299,0.9930465186286046,0.9942295786509899,0.9921237336703592,0.9935906832161623,0.9936251439443416,0.9923054896561284,0.9963017126125676,0.9965261581110685,0.9934357294907457
359,379,339,0.9892595429293162,0.9890228625825956,0.9820741078962494,0.9915726461120756,0.9911549857840383,0.9832358238137315,0.994905107116769,0.9957763693173104,0.9967779248759612
360,380,300,0.9938790240632804,0.9938610429582783,0.9887394466534387,0.995523892248225,0.9952694213854131,0.9925050519652481,0.9968533479534647,0.9971356211172117,0.997227305847396
361,381,301,0.99456285869345,0.9944954855257833,0.989817547035486,0.9961196630633972,0.995851878462149,0.9935538695406485,0.9972124007838714,0.9974249667420393,0.9973996836447911
362,382,302,0.9964164460660344,0.9962774380456155,0.9929233039363139,0.9969621364080791,0.9967709622478779,0.9955506212931954,0.997835962248593,0.9979402934855993,0.9974402555238874
363,383,340,0.9928749989121417,0.9927792525528634,0.9875202423980068,0.9938758041349516,0.9935599285022723,0.9908105160334352,0.9953094322422378,0.9955369797858294,0.9957206381613114
364,384,303,0.9944580087907962,0.9942307321752477,0.9900130572028858,0.9954859365596385,0.9952142016793438,0.9928569801886582,0.9965683751521855,0.9968124342475857,0.9964955372637762
365,385,304,0.9961697827548021,0.9959560030285708,0.992590268206342,0.9967514649743421,0.9964901573277751,0.995031820372824,0.9977193143319047,0.9978698524650687,0.9973783167460231
366,386,305,0.9968888032770403,0.996732106530451,0.993627906898789,0.9971123217984041,0.9969565906068468,0.995684783759974,0.9980607748060842,0.9982185370203139,0.9977219739583653
367,387,306,0.9973456356373654,0.9974220710623823,0.9946654407176174,0.9974317154895557,0.9973785944479837,0.996269607698581,0.9983013188283155,0.9983495526524122,0.9980663005226225
368,388,302,0.994722798406083,0.9944068252316673,0.989615676660291,0.9966756108176367,0.996251937000434,0.9944195971197229,0.9977464234293096,0.998010742933416,0.9975463552524743
369,389,307,0.9957667130441348,0.9957182740575284,0.9914026655965847,0.9973339748442173,0.9972605143953429,0.9957980275453906,0.9983252943987683,0.9984715517117018,0.9980148355804359
370,390,308,0.9959255586670135,0.9959051709753012,0.9920990102430609,0.9974577092719498,0.9971803571198666,0.9960767131878278,0.9984030128437142,0.9986019207121444,0.9981975043537947
371,391,309,-1.0,-1.0,-1.0,-1.0,-1.0,-1.0,-1.0,-1.0,-1.0
372,392,310,0.995309370157906,0.9954174918690859,0.9953997748200881,0.9947296220910554,0.9948267611565861,0.9936048995094788,0.9947855993079092,0.9940807856736964,0.9894110277753495
373,393,311,0.9953245596123323,0.9954285374941031,0.9954179343358659,0.9947372853022552,0.9948471506017414,0.9936614740619105,0.9948707491127423,0.9941520236755651,0.989507397924873
374,394,312,0.9953696361777136,0.9954798156350985,0.9954267094883964,0.9947754655026152,0.9948903164982853,0.99370744499634,0.9948491167656321,0.9941474699526028,0.9894737022694605
375,395,313,0.9954945995712637,0.9955959495618623,0.995477798701032,0.994914870062886,0.995040839628701,0.9938799643775607,0.9949069633527085,0.9942044023516694,0.9895557073995827
376,396,314,0.9956298827902583,0.9957216845719079,0.995532007381667,0.9950554910971594,0.9951863919422186,0.9940088326428668,0.9949251535674609,0.9941516973911808,0.9895510494235573
377,397,315,0.9959343051550893,0.9960169788673134,0.9957264594325632,0.9954112298356679,0.995521579248108,0.9943074544324955,0.9950314985985573,0.994215892525724,0.9896460960465747
378,398,316,0.9953325892121074,0.995770495329185,0.9959209877503625,0.994686072341033,0.9950219010395345,0.9941388667904608,0.9942360839964769,0.9925584145017577,0.9897906750101311
379,399,317,0.9999999999999983,0.9999999999999994,0.9999999999999999,0.9999999999999977,1.0000000000000069,0.9999999999999999,0.9999999999999991,0.9999999999999977,0.9999999999999944
380,400,318,0.9970440518978386,0.997193435542977,0.9973138679620097,0.9965530664735727,0.9967601000804144,0.9966740902346948,0.9960100477140232,0.9946638089824457,0.9906739418708759
381,401,319,0.9999999999999964,0.9999999999999994,1.0000000000000004,0.9999999999999969,0.9999999999999993,0.9999999999999981,0.9999999999999986,0.999999999999997,0.9999999999999943
382,402,320,0.9999999999999974,1.0000000000000007,0.9999999999999998,0.9999999999999954,0.9999999999999988,0.9999999999999998,0.9999999999999996,0.9999999999999974,0.9999999999999952
383,403,321,0.9946658897200195,0.9950951006927637,0.9954182146887977,0.9941262644823651,0.9945718690694346,0.9937931628118161,0.9945594161813689,0.9934287076421457,0.989166365700063
384,404,322,0.995574341237143,0.9960276345140505,0.9962426818612168,0.9949655023511077,0.9952885001484832,0.9943544625959465,0.9941553187865326,0.9925274463160492,0.9870339012034395
385,405,323,0.9956489036272482,0.9960825213071732,0.9963069076666083,0.9950476336057481,0.9953699962924221,0.9944795060530564,0.9942502234447747,0.9926527266416405,0.9872816749610943
386,406,273,0.9999981433298201,0.9999953422689397,0.9999999999503243,0.9999991607051898,0.9999948919039027,0.9999999653691779,0.9999983638598611,0.999997877564472,0.9999987939751559
387,407,324,0.9969902599278354,0.9968529145095698,0.9956318910651536,0.9955985047949403,0.9967774326243063,0.9945817320144592,0.9957394874188409,0.9958094021559114,0.9933825140732936
388,408,325,0.9953466683882901,0.9953247222453776,0.995064099659528,0.9943377843962826,0.9950903269481101,0.9936774746609107,0.9949015947088387,0.9948200355745951,0.9913907475610253
389,409,326,0.9948103138568675,0.9949713264714947,0.9951403941857985,0.9941110112698097,0.9946241249858296,0.9936019441611647,0.9947098906200571,0.9942367024769349,0.990216067768611
390,410,330,0.9990082766407753,0.9990957297546171,0.9984075817594218,0.9996309169121002,0.9991714490642691,0.9987154432578558,0.9998563732456776,0.999897653176689,0.9999272039306282
391,411,331,0.9988728559509412,0.9990328850937774,0.9978820244231066,0.9995514296364852,0.9990041737161565,0.9984188382837341,0.9998645091070335,0.9998930696541136,0.9999178807171065
392,412,332,0.9986632739737726,0.9989232212878597,0.9976439717994863,0.999474669130326,0.9989428304997331,0.99817766744189,0.9998343726765466,0.999853093162011,0.9999073047200856
393,413,333,0.9983382069355485,0.9986521693070689,0.9976284466414457,0.9993383758935364,0.9988236218853609,0.9980827740089596,0.9997415707152658,0.9997989619839149,0.9998554699239441
394,414,334,0.9981876450455284,0.9985477417791406,0.9976214369112302,0.9992492673065279,0.998777559648471,0.9981362255971542,0.999712858403694,0.9997769019926853,0.99984110944412
395,415,335,0.9979588906331074,0.9982432576977184,0.9974339619524097,0.9990183893871237,0.9988178915716721,0.998014395785697,0.9996201119749795,0.9997186577568784,0.9997865449619115
396,416,336,0.9976942372646748,0.9980085910733323,0.997110137624283,0.998763151626272,0.9986974939511722,0.997616045708111,0.9995452766109142,0.9996499363527135,0.9997628502138202
397,417,337,0.9975781452800023,0.9978904258366541,0.9969755476515219,0.9986387258954775,0.9985833433759681,0.9975387569799065,0.9994868817366513,0.9996169148616139,0.9997337261584816
398,418,338,0.9974791566901708,0.9977964766515649,0.9968682129034699,0.998530205967818,0.9984755243619999,0.9974687861884696,0.9994339048699344,0.9995958138030888,0.9997034272310461
399,419,339,0.9949540662863539,0.9951756577528057,0.9927364638769862,0.9963908060058093,0.9960664629970075,0.9946261697178158,0.99831484549024,0.9987549817875154,0.9989665862109727
400,420,340,0.9915255893319413,0.9917416925250738,0.9854316438123486,0.9936667847146937,0.9931200500958175,0.9906772099229133,0.9962950617699091,0.9968274222220663,0.9970337815066976
401,421,341,0.9918712108501448,0.9920517764025258,0.9852085215873919,0.9938588843111201,0.9932451031905484,0.9910571093982238,0.9964756214112193,0.9970345447720005,0.9973063868227031
402,422,342,0.9922877239457273,0.9924852947884141,0.9932629441402387,0.9940379156629319,0.9935089470623398,0.9914746349877158,0.9966024505424012,0.9971830228592635,0.9974146636832895
403,423,343,0.9908873761127911,0.9908702529926334,0.9836373351271359,0.9924309509014194,0.9918602687135657,0.9883630441287015,0.9950515699509522,0.9956600604913086,0.995219674443764
404,424,344,0.9918239083599487,0.9917019423692514,0.9852306476070581,0.9932172346968027,0.9928032983673752,0.9897329660642357,0.9957196852578852,0.9962413261068566,0.9955413682928043
405,426,346,0.992989749830895,0.9927247227470244,0.9871123005227608,0.9941041889828939,0.9937763567509769,0.9913044597798429,0.996434385846678,0.9967802141450423,0.9960479627184671
406,427,347,0.9938466364906784,0.9935102451527782,0.9884501124305627,0.99476374223335,0.9944368367958433,0.9925004295371308,0.9969804355115953,0.9970811182823017,0.9964752986163612
407,428,348,0.9946219074465167,0.9944234907710127,0.9898989177583218,0.9950411397472316,0.9949940585069391,0.9932950353910006,0.9972846697044443,0.9973780917439232,0.9968399990945002
408,429,349,0.9949837887401559,0.9949684336089647,0.9906992091561452,0.9952742722282666,0.9952700638584961,0.9936082947606675,0.9974415758606976,0.9975402085862025,0.9969524087200187
409,430,350,0.9959819404607226,0.9964323359503086,0.9963398088600485,0.9954317960051796,0.9956489845472296,0.9947009830657514,0.995469253085178,0.9939825818668315,0.9911224877676128
410,431,351,0.9959759900536721,0.9964004288925219,0.996344569116151,0.995481006875515,0.9956705404838175,0.9947311248155178,0.9954310259814173,0.9940656997043713,0.9909037432558431
411,432,352,0.9927040064870831,0.9926079128674048,0.9932391183793027,0.9923328322310512,0.9923608842535724,0.9906717759691491,0.993469164924696,0.9922893383590502,0.9887959310662053
412,433,352,0.993043379527266,0.9931068215616403,0.993300903455894,0.992656832338887,0.9927112672192424,0.9911664837461859,0.9940828461012695,0.9930614115606978,0.990418197957807
413,434,353,0.9934260620176978,0.9934959368457602,0.9936282148758226,0.9931057786688654,0.9931625713129234,0.9916985440862829,0.9944125551879797,0.9935833363339867,0.9908296552767174
414,435,354,0.9921430974964067,0.9922636743125195,0.992442229046811,0.9917433287966234,0.9918582160373519,0.9897374075377179,0.9927517292532555,0.9921263192921155,0.9882479548493233
415,436,355,0.9897579074812064,0.9899642977278772,0.9904346666671876,0.9892149833484044,0.9893628715732729,0.9865914877246772,0.9903857793451046,0.9896781674309508,0.9848842890271722
416,437,356,0.9876603985634836,0.9879752804617262,0.9884492352675809,0.9869918043125199,0.9871349725110884,0.9834418835212356,0.9873294861890508,0.9865320568738924,0.9797738594389659
417,438,362,0.9887221128045985,0.9889576532456378,0.989643421059308,0.9881154843448983,0.9881234397817141,0.9853212234360207,0.9890087992020314,0.9880688175546158,0.9813909299277329
418,439,358,0.9886364799855424,0.9888409358579537,0.9896724995039655,0.9881395440338377,0.9881002800723692,0.9852642735165483,0.9889661666177836,0.9879297441394699,0.981155385082016
419,440,359,0.9885901068225944,0.9889045697051279,0.9898487748176246,0.9882557756677279,0.9882466627413573,0.9854020863673845,0.9888813818946839,0.9879043988344131,0.9812607567188075
420,441,360,0.9903006761337032,0.9907454709039589,0.9912870555790438,0.9896595359593002,0.9898057788364909,0.9874321955709596,0.9901551901674456,0.9889581839140847,0.983894322121731
421,442,356,0.9904140128807334,0.9901786939109828,0.9916852850672903,0.9897656473151774,0.9898866329201867,0.9879915577486237,0.9898793557898524,0.9882096501979656,0.982640421564394
422,443,357,0.9887919261171856,0.9889565585831377,0.9895452238571593,0.9880315778901037,0.9880371331078219,0.9852621943740819,0.9888857634203141,0.988008463045616,0.9814879323008767
423,444,227,0.9886455900142304,0.9887299112986868,0.9898340734204648,0.9876860095059196,0.9879896322394476,0.9852398568045615,0.9886572149529432,0.9872770795977551,0.9802787676681126
424,445,329,0.9893091225118349,0.9897426373457491,0.9906803187717158,0.988739653471985,0.9889571386958625,0.9862084603447451,0.9893168160183249,0.988058064253564,0.982184864940016
425,447,238,0.9878394560021505,0.9880268998258794,0.9885291205965135,0.9870632051367887,0.9872220221948623,0.9838813945247598,0.9878187302489909,0.9866660266054332,0.9795494841005429
426,448,363,0.9877120938370644,0.9878622830007338,0.9890547579499196,0.9870851880382097,0.9871049870553861,0.9841314086562619,0.9879044223857651,0.986904541208517,0.9798190249971813
427,449,364,0.9968869246686486,0.9968005324486613,0.9970380686944477,0.9967444405907739,0.9965382967363702,0.9961000941302913,0.9966910613924032,0.9962995658435575,0.9948204371193342
428,450,238,0.9875738103435241,0.9873524182252669,0.9881035542643243,0.9866690814377436,0.9865144003785339,0.9833134166690883,0.9878380369925911,0.986568218699127,0.9793885471752638
429,451,365,0.9900340341276975,0.9904364670190883,0.9912837162509239,0.9893762060792071,0.9896482240249663,0.9872600499676334,0.9900258512319441,0.9888360218070608,0.983938150585133
430,452,358,0.988882214265046,0.9893464894190112,0.9901009023663079,0.9883894535628736,0.9885709459068934,0.9858114647152171,0.9892724455636753,0.9883558994070109,0.9819659523375946
431,453,366,0.9899163811634171,0.9904410704990035,0.9915509936404754,0.9892970581400704,0.9895854762138792,0.9873414336090515,0.9900088435787728,0.9888307382285703,0.983800943125462
432,454,367,0.9913367590910052,0.9917591990965666,0.9924578230155514,0.99091722503797,0.9909796400762888,0.9891081478302981,0.991527180867675,0.9903728980031633,0.9861147110132478
433,455,369,-1.0,-1.0,-1.0,-1.0,-1.0,-1.0,-1.0,-1.0,-1.0
434,456,370,0.9984250061761144,0.9984369481564814,0.9986783072283952,0.998254157166458,0.9982529588210178,0.9980412112012065,0.99826799262735,0.9979834232977806,0.9969199665488268
435,457,396,3.4945619353123864e-68,2.4548375379799536e-21,0.0,6.85389752954713e-19,3.276234019518859e-16,3.025845406680093e-36,0.9999999999999988,0.9999999999999962,0.999999999999996
436,458,368,0.9999999999999978,0.9999999999999998,0.9986111101812365,0.9999999999999973,0.9999999999999993,0.9999999999999994,0.999999999999999,0.9999999999999956,1.0000000000000004
437,459,371,0.9952076309320989,0.9952324093251658,0.9958242416636366,0.9948890399276619,0.9948769054340306,0.9938357522590306,0.9949424807729721,0.9942280239571166,0.9913175933911071
438,460,372,0.9949183209855611,0.9948621103442716,0.9955357174771462,0.9946227058016381,0.9944850262300099,0.993573133915913,0.9948135287802065,0.9940584055726837,0.9910564380195181
439,461,373,0.995224083615364,0.9952321917655803,0.9959518273521916,0.9950068776672654,0.9949995342421201,0.9940089225948768,0.9951908549028724,0.9945644622458489,0.9917675974200564
440,462,374,0.9952181718433942,0.9952479995365325,0.995913936254174,0.9949929337465435,0.9949922040468602,0.9939676209776742,0.9951716451781097,0.9945555118991097,0.9917659113180711
441,463,375,0.9950450168792244,0.9950696578760546,0.9958674835397104,0.9948193609932352,0.9947595709136641,0.9938140933150227,0.9950209810773897,0.9943699979523243,0.9915327620132128
442,464,445,0.9956687788652793,0.9957249537912178,0.9965018709657452,0.9955080629928603,0.9955696655299061,0.9945278820207363,0.995848159736809,0.9952252757081189,0.9926508958742061
443,465,377,0.995311586958374,0.9953417332206675,0.9963063794427408,0.9951494970658014,0.9950874973987814,0.9941699260163472,0.9954277937434511,0.9948390187837435,0.9925153460854533
444,466,378,0.9954844794678532,0.9955174518045475,0.9964319270958057,0.9953090706935682,0.9952465899883017,0.994358817702188,0.9955727647214169,0.9950503892685244,0.9928607060076939
445,467,379,0.9985418514013642,0.9985435465395254,0.9987258336928531,0.9983815742811561,0.9983883103604515,0.9981580013178548,0.9983982844757638,0.9981390511803259,0.9971727232923914
446,468,380,0.9984365440653875,0.9984339894068409,0.9986048294732117,0.9982773144427378,0.9982812671857816,0.9980196762471137,0.9982873203152958,0.9980246876209926,0.9970477167435884
447,469,381,0.9982514735176162,0.9982614913314694,0.9986073362590103,0.9980425149061302,0.9980678524742944,0.9977585180189528,0.9982609506027141,0.9979278298172631,0.9966865182597636
448,470,443,0.997097838938704,0.9971255940184419,0.9977044925319472,0.9968048873857276,0.9967848623030415,0.996229711031525,0.9969040278210486,0.9964338254245116,0.9945164262085846
449,471,442,0.9951000676083952,0.9950566752735954,0.9959329819019942,0.9950316428485533,0.9948699184727954,0.9940599934666771,0.9953142640514723,0.9948065529918472,0.9924803108490099
450,472,385,0.995596179610026,0.9942989844876978,0.9962001906185487,0.9955616661763689,0.9947598930462829,0.9959058176860216,0.9959041107430775,0.9946812184570838,0.992454256225593
451,473,367,0.9962226209688891,0.9962908436581283,0.9968333530410227,0.9958366127657929,0.9957114745012137,0.9952264368345035,0.9959799810604792,0.9955518995778522,0.993557563139319
452,474,382,0.997427620967481,0.9974456562712507,0.9979815295246981,0.9971627306073366,0.99715086523462,0.9966324980159381,0.9972556925802357,0.9968479602699335,0.9950515677599088
453,475,387,0.9999999999999982,0.9999999999999998,1.0,0.9999999999999982,0.9999999999999976,0.9999999999999997,0.9999999999999992,0.9999999999999971,0.9999999999999954
454,476,389,0.998117486709697,0.9981465468474995,0.9984758275622951,0.9982417622229067,0.9981065421378147,0.9980181144053101,0.9983255297240293,0.9982385564847874,0.9980316425272
455,477,390,0.9982535681000791,0.9983136736216579,0.9987079035174921,0.9981780729625422,0.9981510050478414,0.9979795339742277,0.9983513757065153,0.9981178027620045,0.9969713429095857
456,478,388,0.9979688975018751,0.9980037289034253,0.9983253821116826,0.9977636655841596,0.9977118103012312,0.9973592768911591,0.997932629460796,0.9975868571425915,0.9961355431924575
457,479,390,0.9974425880517741,0.9974157700735448,0.9975224206824055,0.9974434275562596,0.9972173973035139,0.9970081480722476,0.997319525734526,0.9970951135188661,0.9957152525536901
458,480,391,0.9974739743083125,0.9975778227722334,0.9981905886339577,0.9973268615382405,0.997348415858518,0.9969636508636046,0.9976710171233608,0.9973786320385175,0.9959633077524246
459,481,381,0.9969302031644468,0.9971672719496405,0.9979115040937822,0.9969209629732219,0.9969439712481133,0.996999916752051,0.9972951277320671,0.9968384561756769,0.9959261626470074
460,483,392,0.9999999999999982,0.999999999999999,0.9999999999999998,0.9999999999999974,0.9999999999999999,0.9999999999999961,0.9999999999999987,0.9999999999999964,0.999999999999996
461,484,400,0.9955298475659309,0.9957911493134081,0.996070416711305,0.9951837677920572,0.9952546186382586,0.9945609182967776,0.9953834129192938,0.994681648465848,0.9924322469560232
462,485,394,0.9999999999999978,0.9999999999999988,1.0,1.0000000000000007,0.9999999999999991,1.000000000000007,0.9999999999999994,0.9999999999999979,0.9999999999999941
463,486,395,0.995223683122646,0.9952874084192108,0.9959224602102942,0.9948872895691426,0.9949638081850146,0.9939251659867843,0.9948742942522245,0.9941385283094372,0.9912106359552831
464,487,393,0.9999999999999981,1.0000000000000016,1.0,0.9999999999999999,0.9999999999999976,1.0000000000000004,0.9999999999999996,0.9999999999999968,0.9999999999999953
465,488,397,-1.0,-1.0,-1.0,-1.0,-1.0,-1.0,-1.0,-1.0,-1.0
466,489,373,0.9928816851410468,0.9923974912686797,0.9924165817990684,0.9920564914499945,0.9910837848678825,0.9908216882424219,0.991606817464293,0.990316027292605,0.9850074894724826
467,490,398,0.9941778996712678,0.9935850890778992,0.993495608940909,0.9934108646943449,0.9925441795544805,0.9920265802743292,0.9931237509896939,0.9920666247533613,0.9876928932866192
468,491,399,0.9947313373288771,0.9942254623039943,0.9943500410998792,0.9941452837293465,0.9934412994189201,0.99272053826919,0.9939237098344694,0.9930689553687965,0.9894278979903993
469,492,237,0.9954505058400842,0.9957966421534481,0.9957506753278965,0.995006791633894,0.9951843068232445,0.9947052519043377,0.9963025373581686,0.9956867478486542,0.9926755676444665
470,493,237,0.9953970202240944,0.9957942532917622,0.9959382410131913,0.9953216286406472,0.9953868778981231,0.9951936083356056,0.996148591739062,0.996128513600565,0.9922055601968092
471,494,414,0.9933231493846668,0.9932275469120528,0.9937045918851074,0.9929766902547517,0.9929993742454574,0.9914392175423976,0.9940711914277537,0.9931821229130492,0.9897126720709751
472,495,416,0.9940289740184143,0.9940233241105694,0.994254344440034,0.993746869157811,0.9937888303585362,0.9922807858174943,0.9944058597387895,0.99383338379199,0.990417059772324
473,497,403,0.9999999999999981,0.9999999999999974,1.0000000000000044,0.9999999999999981,0.9999999999999994,0.9999999999999999,0.9999999999999996,0.9999999999999978,0.9999999999999936
474,498,409,0.9947000937872014,0.9947901864928171,0.994943542348285,0.9943764062827313,0.9942032980297808,0.9934630023652551,0.9941433150729606,0.9935038328240136,0.9901590745542158
475,499,406,0.9946638788752515,0.9945921907332697,0.9945055845223376,0.9941667988977376,0.9939652731396867,0.9930827572949202,0.9938961447216856,0.9932686369414591,0.9894746147729676
476,500,384,0.9948844999502079,0.9947966718076456,0.9956387274695606,0.9947710780689022,0.9947054333426564,0.9938422071363049,0.9951174425728222,0.9946485686971781,0.9922323391816504
477,501,444,0.9950188835573294,0.9949413714957059,0.9958013570035215,0.9949436967825637,0.9948211344700163,0.9939658624347147,0.9952558100463224,0.9947910346836839,0.9924118292065951
478,502,408,0.9999999999999989,1.0000000000000016,1.0000000000000164,0.999999999999998,0.9999999999999993,1.0,0.9999999999999993,0.9999999999999973,0.9999999999999986
479,503,409,0.9950360841574097,0.9952518520564305,0.995957067646174,0.9950021271910126,0.9949421295431675,0.9950806882812824,0.996199905179706,0.9963331584195027,0.9938441842356011
480,505,410,0.9945417191891625,0.9942043713871247,0.9947797849024632,0.9942430654567435,0.9937972791248351,0.9928856868348784,0.9940773078610629,0.9935884499781216,0.9890750369371503
481,506,412,0.9999999999999983,0.9999999999999994,1.0000000000000002,0.999999999999997,0.9999999999999998,0.9999999999999999,0.9999999999999991,1.0000000000000897,0.999999999999995
482,507,404,0.9999999999999972,1.0000000000000022,0.9999999999999999,0.9999999999999972,0.9999999999999966,0.9999999999999994,0.9999999999999999,1.0000000000000009,0.9999999999999967
483,508,405,0.9951992952261838,0.995290748780498,0.9960043118099967,0.9947887095962847,0.9948576008726902,0.9939821061728561,0.9947888877154337,0.9940813114230049,0.9912775551577798
484,509,413,0.9999999999999988,0.9999999999999996,1.0,0.9999999999999982,0.999999999999999,0.9999999999999998,0.9999999999999998,0.999999999999996,0.9999999999999957
485,511,464,0.9843345729081597,0.9856790482588886,0.9879418840234127,0.9828954350242134,0.9843877356463614,0.9821210997210327,0.98540156576369,0.9827970433223834,0.9771202244336289
486,512,417,0.9836780419627962,0.9848619685754852,0.987946521005079,0.9823928170955685,0.9839623332365081,0.9816958156142562,0.9851647001593716,0.9825087027807876,0.9767118741898054
487,513,418,0.9841006367967,0.9847552790919967,0.9883971946836305,0.9831792530628097,0.9842329768487336,0.9823506064263108,0.9858824534081951,0.9833171329493362,0.9776082324578004
488,515,420,0.9919210468873918,0.991536273097373,0.9917115716226058,0.9918323683321411,0.9912749026512515,0.9897618415283396,0.9921048255502137,0.9909731245770927,0.9854783609729669
489,516,421,0.9960527844572675,0.9949387600811644,0.9934782131167206,0.994903829785515,0.9938386409607892,0.9939739961104048,0.9937942400396702,0.9922065830772786,0.9857457372528822
490,517,422,0.9963427218377154,0.9955797857827019,0.9941815774175375,0.995606523192829,0.9946649085844621,0.9946778103889444,0.9944472183512373,0.9928491636299942,0.9870577238791728
491,522,425,0.9971458323668357,0.9966723502494891,0.9955534838008342,0.9965797224692236,0.9960756215963619,0.9957471288421372,0.9957961802179353,0.994764076617176,0.9907045095692776
492,523,428,0.9968806175482937,0.9967562183704755,0.9967084496540107,0.9967061445730454,0.9966478113452459,0.9961668499004775,0.9967354159711165,0.9961914633271453,0.9945981429921422
493,527,327,0.9999999999999759,0.9999999999859713,1.0,0.9999999999999978,0.9999999999971904,0.9999999959919105,0.9999999992125369,0.999999999984934,0.999999999955251
494,528,376,0.9949260080142666,0.9948435422022552,0.9955027823207415,0.9946667539426871,0.9944781115461151,0.9936053106104572,0.9947939729864781,0.9941751561325669,0.9913388949131111
495,529,432,0.9989249572677754,0.9974003814783856,0.9987485123303959,0.9993022761268613,0.9988597967847889,0.997888062184042,0.9984082868494805,0.998608556002823,0.9977292611542556
496,530,433,0.9988033343238301,0.9974656262713896,0.9984378040017369,0.9991941139515161,0.9981686921931867,0.9974871648762471,0.9982126927841194,0.9984962148468985,0.997622669564309
497,531,434,0.9983576827699188,0.9982651855261893,0.998507767081338,0.9985721987215743,0.9978971547238308,0.9971729234092064,0.9982860340541471,0.9987213010997716,0.9978652360572433
498,532,436,0.9999999999999982,0.9999999999999993,1.0000000000000007,0.9999999999999977,1.0,0.9999999999999993,0.9999999999999996,0.999999999999997,0.9999999999999968
499,537,384,0.9990015055818693,0.9989255859041625,0.99905652712823,0.9990051632652268,0.9989436878041539,0.9988035873085715,0.9989867179100465,0.998888314204397,0.9984307787385132
500,539,440,0.9987112932390136,0.9986900111059399,0.999074480310714,0.9987320362028184,0.998721525148105,0.9985868253674237,0.9988701217862304,0.998705144650197,0.9981228102145372
501,542,440,0.9980561666808497,0.9979910004732345,0.9984007424777068,0.9980783227420013,0.9978905092772689,0.997792263772883,0.9982236450820801,0.9980089684374028,0.9971713184680324
502,543,376,0.9955882259098815,0.9958216069069677,0.9968267289942089,0.9955774426539703,0.9957742360947753,0.9947645526419812,0.9959892940834771,0.9952708008020587,0.9925652799538374
503,544,386,0.9999999999999981,1.0000000000000016,1.0,0.9999999999999969,1.0000000000000422,0.9999999999999999,0.9999999999999992,0.9999999999999976,0.9999999999999947
504,549,446,0.999999284698701,0.9999971392910562,0.999996402056515,0.9999936978196831,0.9999942900637734,0.9999838006715611,0.9999725814403788,0.9999631556392002,0.9999640174811778
505,550,447,0.9999934088816772,0.9999933678496357,0.9999919754959566,0.9999858960715904,0.999988968522633,0.9999898037100321,0.9999803393314622,0.9999538153265872,0.9999541092430055
506,552,448,-1.0,-1.0,-1.0,-1.0,-1.0,-1.0,-1.0,-1.0,-1.0
507,553,449,0.9771413252618967,0.9793242052651544,0.986933620953974,0.9756194177292092,0.9779954598140355,0.9774480832419414,0.9778709124104096,0.9732459385165667,0.9714527475872966
508,555,451,-1.0,-1.0,-1.0,-1.0,-1.0,-1.0,-1.0,-1.0,-1.0
509,556,452,0.9775602422650033,0.9796820249200843,0.9868958111675518,0.9762089302466938,0.9783634570952129,0.9777709630076739,0.9782249150925114,0.9734894764425283,0.9712915742108105
510,557,453,0.9774348358291648,0.9795863513773361,0.9869059247493154,0.9760854837169096,0.9782871064358927,0.9777338302249893,0.9781765913692304,0.9734391849022238,0.9712113247398774
511,558,454,0.9771526794579429,0.9793687702125484,0.9869467091964378,0.975807915030668,0.9780925326676436,0.977615083848583,0.978038443504968,0.973327595359091,0.9711335133089881
512,559,455,-1.0,-1.0,-1.0,-1.0,-1.0,-1.0,-1.0,-1.0,-1.0
513,560,456,-1.0,-1.0,-1.0,-1.0,-1.0,-1.0,-1.0,-1.0,-1.0
514,561,457,0.9731244716681091,0.9744966062334088,0.9786055509957012,0.9715000769585299,0.9741250883387632,0.9722009249787648,0.9734471165723914,0.9711401013099309,0.9634612604721008
515,570,357,0.9873988292085081,0.9872168565875726,0.9881620868362669,0.9863783725543434,0.98657087287022,0.9832726244860245,0.9874532603429665,0.9862460955363674,0.979110894123932
516,571,227,0.9880485153600601,0.988116653991368,0.9890594942964509,0.9870521683292125,0.9873670260863929,0.9844417656845228,0.9881520299648724,0.9868659137378754,0.9797098376402895
517,572,228,0.9875721796916682,0.988046188265987,0.9890976940656832,0.9871324596043447,0.9872654433432234,0.9838136016504043,0.9880564518148887,0.9871205839499987,0.9799097199215996
518,573,363,0.987379978863628,0.987694042711675,0.9879773087321667,0.9857491111659297,0.9862275986241276,0.9843568420791851,0.9868542382628744,0.9858361797161658,0.9806927092287014
519,574,328,0.9873610167610954,0.987206849337924,0.9881620437512624,0.9863140127038618,0.9865040939767019,0.9827335492260626,0.9870289913559653,0.9857260223354253,0.9774034112076504
520,575,328,0.9864275210407161,0.9861591476212342,0.9874326509744223,0.9856306388861144,0.9855313771447715,0.9823130214390438,0.9866032305030511,0.9850458117871402,0.9763101705337498
521,700,700,0.9978464380644052,0.998227846025779,0.9968515293148859,0.998480653685184,0.998381141602827,0.9981885588019672,0.998827798667385,0.998440234088439,0.9971169709873025
522,701,701,0.9978660556362982,0.9982398188122005,0.9968339077594376,0.9985069688389647,0.9983920104176466,0.9982098802803361,0.998826764634592,0.9984456661452882,0.9971176960912984
523,702,702,0.997825998196953,0.9981960989637045,0.9967167619664761,0.9985027624160847,0.9983695375003877,0.9981979119478791,0.9988625301433662,0.9984790465295754,0.9971422722431084
524,703,703,-1.0,-1.0,-1.0,-1.0,-1.0,-1.0,-1.0,-1.0,-1.0
525,710,710,-1.0,-1.0,-1.0,-1.0,-1.0,-1.0,-1.0,-1.0,-1.0
526,711,711,0.9958353607380768,0.9965012180750378,0.9967850957265539,0.9950251367220097,0.9956124306730392,0.9949667450757486,0.9949435109221847,0.9933411444772786,0.988133895695886
527,712,712,0.9960622928662286,0.9966503363948934,0.9969143547960346,0.9952875745081703,0.9958038108910815,0.9951699493276042,0.9950412638538934,0.9934959818996625,0.9883328819577049
528,713,713,0.9965948512869598,0.9970072031788585,0.9973445850567441,0.995889206840733,0.9963803593739528,0.9958359821192316,0.9962519504090389,0.9953108693531114,0.9921474965584985
529,714,714,0.9971250598987796,0.9973778804110979,0.9976912322000238,0.9965919784861464,0.9969283563833362,0.9968529759738186,0.9965272754532976,0.9952092476495435,0.9917024455825719
