Date,Sac.cfs,SJR.cfs,Month,Year,Sub.group
1921-12-31T00:00:00Z,19518.53979291754,4421.074211881515,12,1921,medhi
1922-01-31T00:00:00Z,20220.73522459164,3347.9671879255693,1,1922,medmed
1922-02-28T00:00:00Z,43810.80462225479,10644.56265893267,2,1922,hihi
1922-03-31T00:00:00Z,39305.87954956103,7986.818280331116,3,1922,hihi
1922-04-30T00:00:00Z,30564.310188548105,8955.16753404841,4,1922,hihi
1922-05-31T00:00:00Z,31675.20126009218,6913.223567293874,5,1922,hihi
1922-06-30T00:00:00Z,11641.568438565799,6113.742773799357,6,1922,lohi
1922-12-31T00:00:00Z,37475.34293809488,3562.1319259018965,12,1922,himed
1923-01-31T00:00:00Z,30413.364041619894,4755.556701192215,1,1923,hihi
1923-02-28T00:00:00Z,18546.445546405022,5458.615461661878,2,1923,medhi
1923-03-31T00:00:00Z,14008.308706590728,4455.477246961157,3,1923,medhi
1923-04-30T00:00:00Z,20435.215980900164,6247.3433202734195,4,1923,medhi
1923-05-31T00:00:00Z,15536.032063396106,3806.992316064535,5,1923,medmed
1923-06-30T00:00:00Z,10195.884356540842,2326.9645180955144,6,1923,lomed
1923-12-31T00:00:00Z,9357.524836514864,1444.782210012889,12,1923,lolo
1924-01-31T00:00:00Z,13235.64296550558,1756.4428269500343,1,1924,lolo
1924-02-29T00:00:00Z,16920.34820046394,1883.7864882693225,2,1924,medlo
1924-03-31T00:00:00Z,7596.1121675644035,2158.496656043632,3,1924,lomed
1924-04-30T00:00:00Z,5914.321557280099,2020.1295130464773,4,1924,lomed
1924-05-31T00:00:00Z,6733.04491267777,1455.745570495709,5,1924,lolo
1924-06-30T00:00:00Z,7435.308615421279,1259.3564942197584,6,1924,lolo
1924-12-31T00:00:00Z,11626.500367067598,1482.141904325266,12,1924,lolo
1925-01-31T00:00:00Z,12225.320858269622,1612.1060824702822,1,1925,lolo
1925-02-28T00:00:00Z,55944.34736550891,2307.6161235971363,2,1925,himed
1925-03-31T00:00:00Z,20330.372569905725,2093.210298797967,3,1925,medmed
1925-04-30T00:00:00Z,21330.864344286983,3562.8733248995486,4,1925,medmed
1925-05-31T00:00:00Z,11462.80947290651,2731.661310567448,5,1925,lomed
1925-06-30T00:00:00Z,12599.203461840087,1702.6939634621328,6,1925,lolo
1925-12-31T00:00:00Z,9431.016986417346,1395.6164058140378,12,1925,lolo
1926-01-31T00:00:00Z,17876.010027669934,1809.2908993695785,1,1926,medlo
1926-02-28T00:00:00Z,39149.198654305685,2601.643978618227,2,1926,himed
1926-03-31T00:00:00Z,20809.637698514485,2154.9773457610927,3,1926,medmed
1926-04-30T00:00:00Z,18581.449893827226,3034.5528498050026,4,1926,medmed
1926-05-31T00:00:00Z,14393.931361609302,2102.695751696018,5,1926,medmed
1926-06-30T00:00:00Z,13776.685704399206,1467.4087318713068,6,1926,medlo
1926-12-31T00:00:00Z,16882.6930116252,1552.3129994304036,12,1926,medlo
1927-01-31T00:00:00Z,33957.086923462164,1839.6719608255805,1,1927,hilo
1927-02-28T00:00:00Z,80394.21860784294,3453.850051790138,2,1927,himed
1927-03-31T00:00:00Z,47281.83940249883,3062.3133791274163,3,1927,himed
1927-04-30T00:00:00Z,44491.21617080615,7459.643309943956,4,1927,hihi
1927-05-31T00:00:00Z,18184.835330093883,5128.15214362722,5,1927,medhi
1927-06-30T00:00:00Z,12157.92133469494,2628.4874290084394,6,1927,lomed
1927-12-31T00:00:00Z,12840.318370063958,1660.7071046719905,12,1927,lolo
1928-01-31T00:00:00Z,21107.22143208087,2143.20013781846,1,1928,medmed
1928-02-29T00:00:00Z,20501.1009871256,3218.9498741126095,2,1928,medmed
1928-03-31T00:00:00Z,68147.79093492725,7105.100550657864,3,1928,hihi
1928-04-30T00:00:00Z,28853.132666912483,5433.059785931185,4,1928,hihi
1928-05-31T00:00:00Z,14999.54454505646,3326.3826006483455,5,1928,medmed
1928-06-30T00:00:00Z,13417.498933449306,1996.533121719996,6,1928,medmed
1928-12-31T00:00:00Z,11888.076087111744,1536.69820732146,12,1928,lolo
1929-01-31T00:00:00Z,12750.917970156377,1684.6738696214059,1,1929,lolo
1929-02-28T00:00:00Z,18139.065213905324,1956.0128306524134,2,1929,medlo
1929-03-31T00:00:00Z,11686.637965413753,2051.3585462764813,3,1929,lomed
1929-04-30T00:00:00Z,7529.928407524214,2128.2145482690257,4,1929,lomed
1929-05-31T00:00:00Z,7046.944158427348,1555.8973503910854,5,1929,lolo
1929-06-30T00:00:00Z,6159.395965789589,1213.7195814536951,6,1929,lolo
1929-12-31T00:00:00Z,19597.910029057646,1221.6764753229497,12,1929,medlo
1930-01-31T00:00:00Z,27341.25658580336,1738.5790365650528,1,1930,hilo
1930-02-28T00:00:00Z,17836.229919767753,1895.6116291613857,2,1930,medlo
1930-03-31T00:00:00Z,29078.881209402614,2069.3281960273493,3,1930,himed
1930-04-30T00:00:00Z,13832.368273899621,2107.50587566554,4,1930,medmed
1930-05-31T00:00:00Z,10072.174499118899,1662.7301065501676,5,1930,lolo
1930-06-30T00:00:00Z,13542.962353373878,1235.0017755753304,6,1930,medlo
1930-12-31T00:00:00Z,7943.05994794534,1177.8546044942414,12,1930,lolo
1931-01-31T00:00:00Z,12936.768785771219,1750.4523882747567,1,1931,lolo
1931-02-28T00:00:00Z,11772.916343218634,1817.5162634939354,2,1931,lolo
1931-03-31T00:00:00Z,7983.335353759849,1793.380654522178,3,1931,lolo
1931-04-30T00:00:00Z,5356.705948479654,1947.31301419113,4,1931,lolo
1931-05-31T00:00:00Z,7103.001157799269,1350.4679412683224,5,1931,lolo
1931-06-30T00:00:00Z,7209.225644339347,1040.1971636638511,6,1931,lolo
1931-12-31T00:00:00Z,20859.489681150655,3653.7874521856206,12,1931,medmed
1932-01-31T00:00:00Z,23508.200343291825,2106.3001334488995,1,1932,medmed
1932-02-29T00:00:00Z,22387.43282235902,3428.4761896134037,2,1932,medmed
1932-03-31T00:00:00Z,10146.197114315752,2546.8228910754087,3,1932,lomed
1932-04-30T00:00:00Z,9478.551895011415,5970.163189990624,4,1932,lohi
1932-05-31T00:00:00Z,16045.232980039546,4085.7834116898607,5,1932,medmed
1932-06-30T00:00:00Z,6896.563752533428,1944.0343730098957,6,1932,lolo
1932-12-31T00:00:00Z,11424.144627281403,1203.4225432314538,12,1932,lolo
1933-01-31T00:00:00Z,14158.34359367788,2203.0244453515957,1,1933,medmed
1933-02-28T00:00:00Z,14360.6969658969,1908.3587787489557,2,1933,medlo
1933-03-31T00:00:00Z,9755.03007944783,1954.2031972834307,3,1933,lolo
1933-04-30T00:00:00Z,6389.876132556105,2242.901963419308,4,1933,lomed
1933-05-31T00:00:00Z,8173.212758477648,1788.3499609848268,5,1933,lolo
1933-06-30T00:00:00Z,6709.555221275906,1011.0831619016834,6,1933,lolo
1933-12-31T00:00:00Z,17552.079394775028,1399.0962618992219,12,1933,medlo
1934-01-31T00:00:00Z,18615.78476660607,1686.0202750227506,1,1934,medlo
1934-02-28T00:00:00Z,17075.465044644294,2029.276288163484,2,1934,medmed
1934-03-31T00:00:00Z,12199.805973007995,1759.2426342462575,3,1934,lolo
1934-04-30T00:00:00Z,6232.477006452591,1985.4870032860272,4,1934,lomed
1934-05-31T00:00:00Z,7247.696507960681,1338.2817491512797,5,1934,lolo
1934-06-30T00:00:00Z,6759.291669579704,1064.1417605714216,6,1934,lolo
1934-12-31T00:00:00Z,9547.467926885492,1366.9322603198382,12,1934,lolo
1935-01-31T00:00:00Z,29432.234312910707,2277.803567550905,1,1935,himed
1935-02-28T00:00:00Z,17692.802472939147,2222.675463473093,2,1935,medmed
1935-03-31T00:00:00Z,24754.904320772337,2328.0422953799803,3,1935,himed
1935-04-30T00:00:00Z,42920.111880596276,4829.092073541627,4,1935,hihi
1935-05-31T00:00:00Z,22364.43874008732,3281.9528869517167,5,1935,medmed
1935-06-30T00:00:00Z,11750.870024178575,2058.82434034268,6,1935,lomed
1935-12-31T00:00:00Z,10454.22442465352,1583.0839722312046,12,1935,lolo
1936-01-31T00:00:00Z,40145.52556007083,2196.834292537079,1,1936,himed
1936-02-29T00:00:00Z,69209.27456204651,15311.295944640244,2,1936,hihi
1936-03-31T00:00:00Z,30033.58227347714,7467.02543404055,3,1936,hihi
1936-04-30T00:00:00Z,20205.63142209455,9795.414703920122,4,1936,medhi
1936-05-31T00:00:00Z,12628.610335200377,4929.243455576921,5,1936,lohi
1936-06-30T00:00:00Z,9645.843842990862,2571.8372582519714,6,1936,lomed
1936-12-31T00:00:00Z,10987.739978168041,1964.0105667589473,12,1936,lolo
1937-01-31T00:00:00Z,13100.772429877652,2379.2944207308774,1,1937,lomed
1937-02-28T00:00:00Z,42716.92828217322,10647.121918259276,2,1937,hihi
1937-03-31T00:00:00Z,36946.88218168967,8633.253018170039,3,1937,hihi
1937-04-30T00:00:00Z,18289.530173894742,8478.075124149673,4,1937,medhi
1937-05-31T00:00:00Z,13501.8780863442,7623.344258904939,5,1937,medhi
1937-06-30T00:00:00Z,13814.501404803677,3224.3581672066152,6,1937,medmed
1937-12-31T00:00:00Z,59965.64566907157,4991.1888254998175,12,1937,hihi
1938-01-31T00:00:00Z,29085.302493125826,5888.246934252951,1,1938,hihi
1938-02-28T00:00:00Z,80510.37683221212,25174.42429469277,2,1938,hihi
1938-03-31T00:00:00Z,76031.23916573045,25903.85706016363,3,1938,hihi
1938-04-30T00:00:00Z,47657.12821629254,17201.540526033303,4,1938,hihi
1938-05-31T00:00:00Z,26525.030754030606,19669.047967980525,5,1938,hihi
1938-06-30T00:00:00Z,10911.279757158476,10009.604555406142,6,1938,lohi
1938-12-31T00:00:00Z,12819.920449785152,1867.975032458972,12,1938,lolo
1939-01-31T00:00:00Z,12498.198482185493,2093.59487437693,1,1939,lomed
1939-02-28T00:00:00Z,12517.44832833698,2427.5384052240242,2,1939,lomed
1939-03-31T00:00:00Z,10701.609503821628,2366.341979323192,3,1939,lomed
1939-04-30T00:00:00Z,12332.179631748895,2404.838795081597,4,1939,lomed
1939-05-31T00:00:00Z,12560.75528133911,1973.8795744434885,5,1939,lolo
1939-06-30T00:00:00Z,10089.187889967277,1343.9701002622437,6,1939,lolo
1939-12-31T00:00:00Z,10870.28391694179,1252.8685777406142,12,1939,lolo
1940-01-31T00:00:00Z,32679.253687913173,4732.8646763664,1,1940,hihi
1940-02-29T00:00:00Z,62693.09113361349,5016.598353697898,2,1940,hihi
1940-03-31T00:00:00Z,66646.04318042859,8914.614462937048,3,1940,hihi
1940-04-30T00:00:00Z,37734.32401467972,8894.640098476879,4,1940,hihi
1940-05-31T00:00:00Z,15147.880484530067,5020.882629641016,5,1940,medhi
1940-06-30T00:00:00Z,12829.163997555774,2556.3132289317055,6,1940,lomed
1940-12-31T00:00:00Z,35881.15054125392,5542.182702116717,12,1940,hihi
1941-01-31T00:00:00Z,65799.33924776345,3622.747581189657,1,1941,himed
1941-02-28T00:00:00Z,71557.28833603543,11408.645173824088,2,1941,hihi
1941-03-31T00:00:00Z,63743.498447088714,9854.630282989912,3,1941,hihi
1941-04-30T00:00:00Z,56882.183563730105,11815.483946580654,4,1941,hihi
1941-05-31T00:00:00Z,24431.605739685543,11229.752724919808,5,1941,medhi
1941-06-30T00:00:00Z,12147.179178479108,5799.084313710087,6,1941,lohi
1941-12-31T00:00:00Z,46804.680844301954,3643.5826516027523,12,1941,himed
1942-01-31T00:00:00Z,61173.05789144092,7078.20348801178,1,1942,hihi
1942-02-28T00:00:00Z,71649.05903871571,9033.507308156628,2,1942,hihi
1942-03-31T00:00:00Z,24181.56002644178,6817.182100149481,3,1942,medhi
1942-04-30T00:00:00Z,40272.73389049154,9568.991392105045,4,1942,hihi
1942-05-31T00:00:00Z,27077.893975763043,8381.075468600533,5,1942,hihi
1942-06-30T00:00:00Z,12641.262568188615,4151.845065784454,6,1942,lohi
1942-12-31T00:00:00Z,25567.142985812286,2774.260334974582,12,1942,himed
1943-01-31T00:00:00Z,64059.53856848752,11907.953420206351,1,1943,hihi
1943-02-28T00:00:00Z,47707.23392691546,10722.453438237904,2,1943,hihi
1943-03-31T00:00:00Z,58077.01298404575,17187.29517483822,3,1943,hihi
1943-04-30T00:00:00Z,21983.900918682717,11668.270739551637,4,1943,medhi
1943-05-31T00:00:00Z,12006.620404406824,5699.018221051368,5,1943,lohi
1943-06-30T00:00:00Z,13261.640600875677,2901.8770938660527,6,1943,lomed
1943-12-31T00:00:00Z,10520.303298233872,1634.2686152681792,12,1943,lolo
1944-01-31T00:00:00Z,12747.790479522815,1892.5063024751453,1,1944,lolo
1944-02-29T00:00:00Z,26182.425534512295,2849.1291648647602,2,1944,himed
1944-03-31T00:00:00Z,19925.40593202457,2403.474299368376,3,1944,medmed
1944-04-30T00:00:00Z,11952.206784632033,2919.6881224796903,4,1944,lomed
1944-05-31T00:00:00Z,9596.170957843398,2384.0269129645394,5,1944,lomed
1944-06-30T00:00:00Z,13444.258121641333,1556.2480032403596,6,1944,medlo
1944-12-31T00:00:00Z,17706.21649097516,1513.4139945293107,12,1944,medlo
1945-01-31T00:00:00Z,13374.918999600648,1743.775428568819,1,1945,lolo
1945-02-28T00:00:00Z,50238.66388768446,6377.318188056285,2,1945,hihi
1945-03-31T00:00:00Z,21715.151117810285,5632.379274201279,3,1945,medhi
1945-04-30T00:00:00Z,11667.142629788386,6718.595302098243,4,1945,lohi
1945-05-31T00:00:00Z,11827.781292657264,4163.284419940116,5,1945,lohi
1945-06-30T00:00:00Z,11839.656392917374,2350.36162555874,6,1945,lomed
1945-12-31T00:00:00Z,55449.29529368669,5797.7586605806955,12,1945,hihi
1946-01-31T00:00:00Z,48027.294504452344,5502.996978384436,1,1946,hihi
1946-02-28T00:00:00Z,22515.34402346228,5445.329355188524,2,1946,medhi
1946-03-31T00:00:00Z,22053.14664801292,4898.470011574141,3,1946,medhi
1946-04-30T00:00:00Z,13153.03794538569,6266.420934707517,4,1946,lohi
1946-05-31T00:00:00Z,12372.187780308997,3920.2426566588842,5,1946,lomed
1946-06-30T00:00:00Z,12848.859423088532,2264.1779421901924,6,1946,lomed
1946-12-31T00:00:00Z,15121.77668873164,1554.7270396653419,12,1946,medlo
1947-01-31T00:00:00Z,10913.721121211007,1646.6911181756645,1,1947,lolo
1947-02-28T00:00:00Z,17589.13991946159,2039.9900887076035,2,1947,medmed
1947-03-31T00:00:00Z,17743.637275520716,2060.1932181097122,3,1947,medmed
1947-04-30T00:00:00Z,12968.301390200806,2470.07430034669,4,1947,lomed
1947-05-31T00:00:00Z,11601.023926901824,1970.7867379587203,5,1947,lolo
1947-06-30T00:00:00Z,13227.782508723407,1350.431823086347,6,1947,lolo
1947-12-31T00:00:00Z,7337.312199942003,1262.3544700785437,12,1947,lolo
1948-01-31T00:00:00Z,13243.572291594435,1462.556595432633,1,1948,lolo
1948-02-29T00:00:00Z,12802.21100408611,1732.0912032410727,2,1948,lolo
1948-03-31T00:00:00Z,15550.190326289923,2198.6193586868344,3,1948,medmed
1948-04-30T00:00:00Z,26205.209578375452,2462.105657495296,4,1948,himed
1948-05-31T00:00:00Z,27057.027923007947,1990.5051896050154,5,1948,himed
1948-06-30T00:00:00Z,12773.517695786031,1174.3360743900096,6,1948,lolo
1948-12-31T00:00:00Z,12954.160068522637,1190.017427248647,12,1948,lolo
1949-01-31T00:00:00Z,11870.511278107422,1495.40308237231,1,1949,lolo
1949-02-28T00:00:00Z,14584.334844845147,1759.861571191352,2,1949,medlo
1949-03-31T00:00:00Z,42865.06106589667,2205.975091358653,3,1949,himed
1949-04-30T00:00:00Z,15020.971678019492,2311.7752684807774,4,1949,medmed
1949-05-31T00:00:00Z,12608.242050993711,1825.6395017313998,5,1949,lolo
1949-06-30T00:00:00Z,14288.422169433841,1079.7310037934596,6,1949,medlo
1949-12-31T00:00:00Z,8132.870173721122,1176.7235847308805,12,1949,lolo
1950-01-31T00:00:00Z,24721.459217866122,1873.3400073705945,1,1950,medlo
1950-02-28T00:00:00Z,39051.05430498377,1933.316828414209,2,1950,hilo
1950-03-31T00:00:00Z,18559.375000097545,1998.3641039769811,3,1950,medmed
1950-04-30T00:00:00Z,16020.79552701095,2604.06531286476,4,1950,medmed
1950-05-31T00:00:00Z,14373.00610202852,2225.3737840161457,5,1950,medmed
1950-06-30T00:00:00Z,14018.0588676867,1388.0189161504659,6,1950,medlo
1950-12-31T00:00:00Z,76879.09891308319,16171.59454275923,12,1950,hihi
1951-01-31T00:00:00Z,58930.92637774886,9864.656111376436,1,1951,hihi
1951-02-28T00:00:00Z,61600.64277943583,7991.574210871538,2,1951,hihi
1951-03-31T00:00:00Z,29815.087407521445,5514.252369780976,3,1951,hihi
1951-04-30T00:00:00Z,11843.873501893268,6673.895399155301,4,1951,lohi
1951-05-31T00:00:00Z,11363.76620711162,4183.249750912438,5,1951,lohi
1951-06-30T00:00:00Z,14400.903239326102,2376.6253634896334,6,1951,medmed
1951-12-31T00:00:00Z,37454.81794661163,2854.5923861639185,12,1951,himed
1952-01-31T00:00:00Z,75869.6130715284,5240.565838538768,1,1952,hihi
1952-02-29T00:00:00Z,71886.46408209596,3813.5758684225334,2,1952,himed
1952-03-31T00:00:00Z,60762.303000268585,8763.027463302813,3,1952,hihi
1952-04-30T00:00:00Z,44054.71005487041,11607.77561228652,4,1952,hihi
1952-05-31T00:00:00Z,38135.56896019722,15843.718531066555,5,1952,hihi
1952-06-30T00:00:00Z,18624.69005183951,7851.715464802036,6,1952,medhi
1952-12-31T00:00:00Z,36623.45521379643,2472.277292344952,12,1952,himed
1953-01-31T00:00:00Z,66159.24152332451,3551.9396444268045,1,1953,himed
1953-02-28T00:00:00Z,24831.974144264095,3308.3238335280357,2,1953,himed
1953-03-31T00:00:00Z,19922.14106669523,3342.504844404117,3,1953,medmed
1953-04-30T00:00:00Z,20751.04363883729,3647.177724822838,4,1953,medmed
1953-05-31T00:00:00Z,18815.415789099592,3174.816663309441,5,1953,medmed
1953-06-30T00:00:00Z,17610.020892088236,1975.1212085565703,6,1953,medlo
1953-12-31T00:00:00Z,13074.260838549604,1319.3562511835898,12,1953,lolo
1954-01-31T00:00:00Z,26151.561762289453,1717.6078436279593,1,1954,hilo
1954-02-28T00:00:00Z,48419.92327496318,1970.9392696513637,2,1954,hilo
1954-03-31T00:00:00Z,34771.84508593083,2562.134122600446,3,1954,himed
1954-04-30T00:00:00Z,31895.732026524456,3843.7008325273287,4,1954,himed
1954-05-31T00:00:00Z,15810.896495349862,2775.3109981639095,5,1954,medmed
1954-06-30T00:00:00Z,13754.214476671157,1710.4994445448026,6,1954,medlo
1954-12-31T00:00:00Z,20320.060037598832,1394.0175088764388,12,1954,medlo
1955-01-31T00:00:00Z,18392.630558622408,1919.886055782954,1,1955,medlo
1955-02-28T00:00:00Z,13105.852090044204,2035.538906383566,2,1955,lomed
1955-03-31T00:00:00Z,10145.236597952426,2056.2661889350265,3,1955,lomed
1955-04-30T00:00:00Z,11439.631015491266,2694.642753925627,4,1955,lomed
1955-05-31T00:00:00Z,11327.315938385796,2060.649789483335,5,1955,lomed
1955-06-30T00:00:00Z,15018.107582323655,1304.5155603121814,6,1955,medlo
1955-12-31T00:00:00Z,55105.24122208865,10595.430729089912,12,1955,hihi
1956-01-31T00:00:00Z,80819.84050299293,23295.478819469146,1,1956,hihi
1956-02-29T00:00:00Z,66008.18991273778,12197.870921611984,2,1956,hihi
1956-03-31T00:00:00Z,36775.34174157753,7915.9295847505,3,1956,hihi
1956-04-30T00:00:00Z,14491.051473434114,8676.38582545277,4,1956,medhi
1956-05-31T00:00:00Z,17718.325773856366,8158.876707250305,5,1956,medhi
1956-06-30T00:00:00Z,12045.32428347265,5382.036531953062,6,1956,lohi
1956-12-31T00:00:00Z,12557.286070499651,1609.9072361175708,12,1956,lolo
1957-01-31T00:00:00Z,12877.229362115135,1823.685077182936,1,1957,lolo
1957-02-28T00:00:00Z,17725.942246704333,2738.6774413058556,2,1957,medmed
1957-03-31T00:00:00Z,37818.49384779288,3557.719274766877,3,1957,himed
1957-04-30T00:00:00Z,12254.378806422203,3732.309160335341,4,1957,lomed
1957-05-31T00:00:00Z,21578.622098894506,2906.7273464103464,5,1957,medmed
1957-06-30T00:00:00Z,12450.74530675289,1772.6748086028838,6,1957,lolo
1957-12-31T00:00:00Z,24605.205232342894,1423.6392559049712,12,1957,medlo
1958-01-31T00:00:00Z,35265.548728056114,2765.284802335548,1,1958,himed
1958-02-28T00:00:00Z,79859.76362336658,3857.3842237341787,2,1958,himed
1958-03-31T00:00:00Z,70779.93381038353,10178.555369440757,3,1958,hihi
1958-04-30T00:00:00Z,68933.13073744018,17063.566979937426,4,1958,hihi
1958-05-31T00:00:00Z,23095.152632611702,12260.531184509344,5,1958,medhi
1958-06-30T00:00:00Z,14592.293253618584,5790.827882163757,6,1958,medhi
1958-12-31T00:00:00Z,15640.211140621446,1741.9855106477976,12,1958,medlo
1959-01-31T00:00:00Z,25224.65256271228,2732.1187554834555,1,1959,himed
1959-02-28T00:00:00Z,45186.683121004884,4573.696944435678,2,1959,hihi
1959-03-31T00:00:00Z,16573.731843828315,2827.2837289426875,3,1959,medmed
1959-04-30T00:00:00Z,11628.400730005182,3017.3709345958127,4,1959,lomed
1959-05-31T00:00:00Z,13147.332937525807,2252.4602306892352,5,1959,lomed
1959-06-30T00:00:00Z,13566.3907528096,1540.8850675444885,6,1959,medlo
1959-12-31T00:00:00Z,8548.845335137725,1271.5122718270861,12,1959,lolo
1960-01-31T00:00:00Z,11915.95722090226,1587.885909832671,1,1960,lolo
1960-02-29T00:00:00Z,32575.201422574773,2358.7132161159357,2,1960,himed
1960-03-31T00:00:00Z,21795.186499988726,2061.4075731728776,3,1960,medmed
1960-04-30T00:00:00Z,16083.804204198463,2138.1392839963382,4,1960,medmed
1960-05-31T00:00:00Z,9982.006901119035,1616.6443372868423,5,1960,lolo
1960-06-30T00:00:00Z,13510.944816405543,1354.143375902771,6,1960,medlo
1960-12-31T00:00:00Z,17217.180876901235,1180.4366559120554,12,1960,medlo
1961-01-31T00:00:00Z,11314.486373018604,1696.3444976103167,1,1961,lolo
1961-02-28T00:00:00Z,31918.020763047673,1789.9561260430282,2,1961,hilo
1961-03-31T00:00:00Z,16994.83633095349,1939.3526303549338,3,1961,medlo
1961-04-30T00:00:00Z,11855.858459824536,2077.5952061210937,4,1961,lomed
1961-05-31T00:00:00Z,11588.310891998555,1490.4238307247015,5,1961,lolo
1961-06-30T00:00:00Z,13597.891900909353,1137.1147882309526,6,1961,medlo
1961-12-31T00:00:00Z,15480.783170432658,1624.2154110432045,12,1961,medlo
1962-01-31T00:00:00Z,9864.450069361375,1640.6019234184462,1,1962,lolo
1962-02-28T00:00:00Z,54674.1402180372,6716.410836947101,2,1962,hihi
1962-03-31T00:00:00Z,23156.099980381194,2727.2232750922626,3,1962,medmed
1962-04-30T00:00:00Z,13958.6327550517,5022.197139658,4,1962,medhi
1962-05-31T00:00:00Z,14065.812173189239,3535.2458775250484,5,1962,medmed
1962-06-30T00:00:00Z,13010.141320266093,1922.201785348699,6,1962,lolo
1962-12-31T00:00:00Z,29370.689072912603,1489.6923374876374,12,1962,hilo
1963-01-31T00:00:00Z,17330.2592527452,1688.1973688178302,1,1963,medlo
1963-02-28T00:00:00Z,62240.853198195735,4150.649709730412,2,1963,hihi
1963-03-31T00:00:00Z,23840.55605386112,2739.287976172362,3,1963,medmed
1963-04-30T00:00:00Z,66515.61316047962,6692.775028465439,4,1963,hihi
1963-05-31T00:00:00Z,23853.6177548665,5405.351163761277,5,1963,medhi
1963-06-30T00:00:00Z,14791.657559000783,2602.917677510818,6,1963,medmed
1963-12-31T00:00:00Z,16082.367584748248,1387.518193940284,12,1963,medlo
1964-01-31T00:00:00Z,22530.55396111148,1735.2616503133336,1,1964,medlo
1964-02-29T00:00:00Z,13034.383547846466,1790.0446868627935,2,1964,lolo
1964-03-31T00:00:00Z,11109.973019826646,2028.8967263794432,3,1964,lomed
1964-04-30T00:00:00Z,11827.768397467544,2275.849564126299,4,1964,lomed
1964-05-31T00:00:00Z,11877.201336334027,1895.33966141939,5,1964,lolo
1964-06-30T00:00:00Z,14007.49222480732,1318.273186903398,6,1964,medlo
1964-12-31T00:00:00Z,48597.646749787324,2190.743942902551,12,1964,himed
1965-01-31T00:00:00Z,77641.22915621841,7538.112403948655,1,1965,hihi
1965-02-28T00:00:00Z,34209.2993477219,5805.84550354832,2,1965,hihi
1965-03-31T00:00:00Z,15018.891913618238,4669.735782141092,3,1965,medhi
1965-04-30T00:00:00Z,38285.77112943263,7906.686865569904,4,1965,hihi
1965-05-31T00:00:00Z,16280.773264501162,5078.036757675589,5,1965,medhi
1965-06-30T00:00:00Z,10953.593908957184,4038.0064570552104,6,1965,lomed
1965-12-31T00:00:00Z,13927.991114117023,3273.7592215989444,12,1965,medmed
1966-01-31T00:00:00Z,30240.569326792902,3438.618030494826,1,1966,himed
1966-02-28T00:00:00Z,25558.046605333657,3666.34929792243,2,1966,himed
1966-03-31T00:00:00Z,22355.650851279326,3541.783931043357,3,1966,medmed
1966-04-30T00:00:00Z,13651.721404050468,3536.5142082328953,4,1966,medmed
1966-05-31T00:00:00Z,12207.662637332838,2748.6562207766137,5,1966,lomed
1966-06-30T00:00:00Z,13445.415055057058,1740.4322105311028,6,1966,medlo
1966-12-31T00:00:00Z,36435.42382859821,2793.3785198789833,12,1966,himed
1967-01-31T00:00:00Z,43407.43151903731,2980.807388173072,1,1967,himed
1967-02-28T00:00:00Z,48597.02529228312,2838.552848310857,2,1967,himed
1967-03-31T00:00:00Z,45982.842358799215,7003.782339479529,3,1967,hihi
1967-04-30T00:00:00Z,45473.66222579287,13550.479367194916,4,1967,hihi
1967-05-31T00:00:00Z,34354.23584669103,12309.22666575791,5,1967,hihi
1967-06-30T00:00:00Z,19131.559350263604,12289.822866497789,6,1967,medhi
1967-12-31T00:00:00Z,13167.917538703243,1780.6047051579972,12,1967,lolo
1968-01-31T00:00:00Z,24269.81249730254,2038.8328093771154,1,1968,medmed
1968-02-29T00:00:00Z,45139.69779150104,3128.4070221938964,2,1968,himed
1968-03-31T00:00:00Z,31462.890235154002,2812.4325501016756,3,1968,himed
1968-04-30T00:00:00Z,12317.263937086016,2770.7950123386604,4,1968,lomed
1968-05-31T00:00:00Z,11317.944416426319,2127.167134904913,5,1968,lomed
1968-06-30T00:00:00Z,14330.3533519754,1473.9187690264484,6,1968,medlo
1968-12-31T00:00:00Z,23742.545273661177,1755.7010307073667,12,1968,medlo
1969-01-31T00:00:00Z,69509.89028114972,14446.808554839847,1,1969,hihi
1969-02-28T00:00:00Z,77255.96183273915,27657.316933846032,2,1969,hihi
1969-03-31T00:00:00Z,46423.56434389407,19687.154780661294,3,1969,hihi
1969-04-30T00:00:00Z,34341.980943474744,20186.906782551167,4,1969,hihi
1969-05-31T00:00:00Z,23764.71955259857,23913.430459798125,5,1969,medhi
1969-06-30T00:00:00Z,11568.506889688357,15582.493754763624,6,1969,lohi
1969-12-31T00:00:00Z,44471.13440757296,2810.342670065576,12,1969,himed
1970-01-31T00:00:00Z,76434.69937966761,17454.304096611537,1,1970,hihi
1970-02-28T00:00:00Z,63658.46801401679,10525.002957277466,2,1970,hihi
1970-03-31T00:00:00Z,30888.669530590683,7725.815536096604,3,1970,hihi
1970-04-30T00:00:00Z,14459.622304600842,6303.029382070772,4,1970,medhi
1970-05-31T00:00:00Z,10661.427522651938,4302.545484516382,5,1970,lohi
1970-06-30T00:00:00Z,15271.544896686308,2376.4860920098527,6,1970,medmed
1970-12-31T00:00:00Z,55911.79094579907,2075.4773268669246,12,1970,himed
1971-01-31T00:00:00Z,47519.23652186586,1811.9324303895955,1,1971,hilo
1971-02-28T00:00:00Z,25219.388786813855,1985.9128691598962,2,1971,himed
1971-03-31T00:00:00Z,41860.24064110407,2428.15866566117,3,1971,himed
1971-04-30T00:00:00Z,21604.970520885454,3389.646690951187,4,1971,medmed
1971-05-31T00:00:00Z,20397.38378336969,2788.7203815800062,5,1971,medmed
1971-06-30T00:00:00Z,12622.28496073218,1796.8653985710714,6,1971,lolo
1971-12-31T00:00:00Z,19042.146898398823,1638.8671501390395,12,1971,medlo
1972-01-31T00:00:00Z,16737.602089831496,1561.0263933634938,1,1972,medlo
1972-02-29T00:00:00Z,18366.461335635835,1748.4291986619428,2,1972,medlo
1972-03-31T00:00:00Z,23144.72287050163,1934.6001566997024,3,1972,medlo
1972-04-30T00:00:00Z,15179.512467965187,2301.6247931011994,4,1972,medmed
1972-05-31T00:00:00Z,11590.472650988771,1832.9013882580973,5,1972,lolo
1972-06-30T00:00:00Z,14124.51759094771,1255.170659983183,6,1972,medlo
1972-12-31T00:00:00Z,28573.177585663187,1693.1749290786752,12,1972,hilo
1973-01-31T00:00:00Z,63891.27821324851,2490.3413536991493,1,1973,himed
1973-02-28T00:00:00Z,70205.9388803629,5212.704545282243,2,1973,hihi
1973-03-31T00:00:00Z,50563.83223457282,4564.08173835388,3,1973,hihi
1973-04-30T00:00:00Z,14761.017060547865,7085.576445171278,4,1973,medhi
1973-05-31T00:00:00Z,11533.655456799392,4850.633247136914,5,1973,lohi
1973-06-30T00:00:00Z,14776.097262573781,2574.779838270118,6,1973,medmed
1973-12-31T00:00:00Z,64580.30417438759,5854.761354175486,12,1973,hihi
1974-01-31T00:00:00Z,73222.59713190103,8394.441051055566,1,1974,hihi
1974-02-28T00:00:00Z,43084.9123812311,5788.6750744088085,2,1974,hihi
1974-03-31T00:00:00Z,71034.68790334536,7853.932298823157,3,1974,hihi
1974-04-30T00:00:00Z,54581.27458665794,8127.564559434393,4,1974,hihi
1974-05-31T00:00:00Z,16819.417560269972,5704.937056993849,5,1974,medhi
1974-06-30T00:00:00Z,12234.563772279627,2757.5245241101698,6,1974,lomed
1974-12-31T00:00:00Z,14056.481218796574,2054.473403131314,12,1974,medmed
1975-01-31T00:00:00Z,11065.923753151777,2011.2584278498327,1,1975,lomed
1975-02-28T00:00:00Z,53287.32673227988,5453.97667355898,2,1975,hihi
1975-03-31T00:00:00Z,59059.04206277098,7210.047080094103,3,1975,hihi
1975-04-30T00:00:00Z,26350.66005969955,8016.901977834718,4,1975,hihi
1975-05-31T00:00:00Z,21895.25194256695,5224.896105374033,5,1975,medhi
1975-06-30T00:00:00Z,14507.705559411224,3198.5638777421887,6,1975,medmed
1975-12-31T00:00:00Z,11631.918178226995,1613.142649944794,12,1975,lolo
1976-01-31T00:00:00Z,9697.39160185329,1755.5949973382233,1,1976,lolo
1976-02-29T00:00:00Z,11531.679182522357,2165.1286113952237,2,1976,lomed
1976-03-31T00:00:00Z,12659.841611157377,2016.808388448951,3,1976,lomed
1976-04-30T00:00:00Z,8924.397690399988,2341.5569957365783,4,1976,lomed
1976-05-31T00:00:00Z,7140.9268645235015,1699.7217909767078,5,1976,lolo
1976-06-30T00:00:00Z,9773.574264627536,1040.5726254292867,6,1976,lolo
1976-12-31T00:00:00Z,5983.906021696879,1217.271772511514,12,1976,lolo
1977-01-31T00:00:00Z,7513.339235640198,1479.3025621372726,1,1977,lolo
1977-02-28T00:00:00Z,7284.8115543262375,1670.9894766574432,2,1977,lolo
1977-03-31T00:00:00Z,5879.118831096912,1692.6334785280924,3,1977,lolo
1977-04-30T00:00:00Z,5117.327430014698,1722.575210849584,4,1977,lolo
1977-05-31T00:00:00Z,6720.024816249584,1395.0699567389395,5,1977,lolo
1977-06-30T00:00:00Z,11491.859436458748,957.5529936092124,6,1977,lolo
1977-12-31T00:00:00Z,14192.689587467563,1576.0809096551836,12,1977,medlo
1978-01-31T00:00:00Z,54219.243562356554,4137.809430321301,1,1978,hihi
1978-02-28T00:00:00Z,50663.5528719421,7331.172827164726,2,1978,hihi
1978-03-31T00:00:00Z,54365.6782028072,8694.921671500271,3,1978,hihi
1978-04-30T00:00:00Z,34305.350368234656,10214.990595130037,4,1978,hihi
1978-05-31T00:00:00Z,16594.478242756424,7242.716963430394,5,1978,medhi
1978-06-30T00:00:00Z,14665.161243842982,4548.389950004381,6,1978,medhi
1978-12-31T00:00:00Z,11887.083750685397,1782.5536916023627,12,1978,lolo
1979-01-31T00:00:00Z,19811.049846021913,5277.246218334115,1,1979,medhi
1979-02-28T00:00:00Z,32378.086840726304,7985.324377746499,2,1979,hihi
1979-03-31T00:00:00Z,24729.38932405292,7202.182982251742,3,1979,hihi
1979-04-30T00:00:00Z,12485.854017373693,6758.112002461664,4,1979,lohi
1979-05-31T00:00:00Z,12104.838118420497,7840.788106518077,5,1979,lohi
1979-06-30T00:00:00Z,14225.543624775853,3329.4457926405935,6,1979,medmed
1979-12-31T00:00:00Z,21911.854837709117,1836.0676380848179,12,1979,medlo
1980-01-31T00:00:00Z,66003.22378691866,12936.754104418806,1,1980,hihi
1980-02-29T00:00:00Z,67603.77666824248,24954.577226599118,2,1980,hihi
1980-03-31T00:00:00Z,45705.84504887149,14640.499922265588,3,1980,hihi
1980-04-30T00:00:00Z,17293.609227047058,9496.741996109955,4,1980,medhi
1980-05-31T00:00:00Z,12383.515725660187,8214.029034185023,5,1980,lohi
1980-06-30T00:00:00Z,10374.073997481673,7945.247001724473,6,1980,lohi
1980-12-31T00:00:00Z,13797.22899465289,1669.2239446506262,12,1980,medlo
1981-01-31T00:00:00Z,20019.15507407944,3043.4459452415117,1,1981,medmed
1981-02-28T00:00:00Z,19656.727886411918,2313.1309849769887,2,1981,medmed
1981-03-31T00:00:00Z,20099.50972833575,2578.2093576793686,3,1981,medmed
1981-04-30T00:00:00Z,10379.757056575812,2853.5682581238907,4,1981,lomed
1981-05-31T00:00:00Z,12137.750457602171,2429.425683234407,5,1981,lomed
1981-06-30T00:00:00Z,13413.066283556253,1569.3963413718993,6,1981,lolo
1981-12-31T00:00:00Z,71027.95133092522,1494.3391504336578,12,1981,hilo
1982-01-31T00:00:00Z,65996.71247025776,7299.088580957664,1,1982,hihi
1982-02-28T00:00:00Z,68595.52043515725,17399.278065833674,2,1982,hihi
1982-03-31T00:00:00Z,64719.41073132215,15106.286338616334,3,1982,hihi
1982-04-30T00:00:00Z,76360.53289029021,22984.353224833285,4,1982,hihi
1982-05-31T00:00:00Z,22795.555036934416,15098.567900652717,5,1982,medhi
1982-06-30T00:00:00Z,13054.683456983901,6372.740474471366,6,1982,lohi
1982-12-31T00:00:00Z,63085.120980322856,20554.120736375542,12,1982,hihi
1983-01-31T00:00:00Z,59224.647581010366,29370.817432338004,1,1983,hihi
1983-02-28T00:00:00Z,79057.9380811912,32823.127413655064,2,1983,hihi
1983-03-31T00:00:00Z,87222.36002975337,44716.43842314477,3,1983,hihi
1983-04-30T00:00:00Z,61078.75558263292,25524.072908928254,4,1983,hihi
1983-05-31T00:00:00Z,40168.07442574473,26159.940000398936,5,1983,hihi
1983-06-30T00:00:00Z,23875.088850625318,21775.476595022665,6,1983,medhi
1983-12-31T00:00:00Z,81389.01645741577,22550.135140840408,12,1983,hihi
1984-01-31T00:00:00Z,46291.64518545368,12039.337318091975,1,1984,hihi
1984-02-29T00:00:00Z,31576.46390549383,8471.0491295038,2,1984,hihi
1984-03-31T00:00:00Z,32558.617143019925,6092.484087179076,3,1984,hihi
1984-04-30T00:00:00Z,13508.503521230174,7167.760162613731,4,1984,medhi
1984-05-31T00:00:00Z,12365.402800544924,4440.627497377234,5,1984,lohi
1984-06-30T00:00:00Z,14140.246672146432,2539.4089189972283,6,1984,medmed
1984-12-31T00:00:00Z,24463.459860153926,1713.856788951863,12,1984,medlo
1985-01-31T00:00:00Z,13253.86815351894,1830.1591117739622,1,1985,lolo
1985-02-28T00:00:00Z,14910.33745991315,2063.654962064198,2,1985,medmed
1985-03-31T00:00:00Z,13726.913819798716,2336.92762076569,3,1985,medmed
1985-04-30T00:00:00Z,9506.567474617937,2845.8403089693743,4,1985,lomed
1985-05-31T00:00:00Z,14084.113228958813,2460.707100482257,5,1985,medmed
1985-06-30T00:00:00Z,13161.100827092878,1655.6426618437392,6,1985,lolo
1985-12-31T00:00:00Z,14854.382489024258,1826.5780865733166,12,1985,medlo
1986-01-31T00:00:00Z,26030.97041609758,1943.5262442442195,1,1986,hilo
1986-02-28T00:00:00Z,81290.35024311086,22696.714396929343,2,1986,hihi
1986-03-31T00:00:00Z,71920.85873617021,26168.9426660069,3,1986,hihi
1986-04-30T00:00:00Z,16564.806547373675,13658.965969545412,4,1986,medhi
1986-05-31T00:00:00Z,12045.218977990342,9691.732829513148,5,1986,lohi
1986-06-30T00:00:00Z,10851.607581697534,4882.335339255585,6,1986,lohi
1986-12-31T00:00:00Z,11266.256833720525,1647.6736528848148,12,1986,lolo
1987-01-31T00:00:00Z,13453.143785618275,1948.361112154421,1,1987,medlo
1987-02-28T00:00:00Z,18841.357704745395,2528.3456736759695,2,1987,medmed
1987-03-31T00:00:00Z,23639.491160810427,2687.86302238529,3,1987,medmed
1987-04-30T00:00:00Z,13676.70398912439,2373.8200184197963,4,1987,medmed
1987-05-31T00:00:00Z,11757.741007471755,1841.8530378690657,5,1987,lolo
1987-06-30T00:00:00Z,14109.706259537743,1236.3848500922197,6,1987,medlo
1987-12-31T00:00:00Z,17935.000615510493,1337.7610052183181,12,1987,medlo
1988-01-31T00:00:00Z,26457.338447745016,1661.7339876775554,1,1988,hilo
1988-02-29T00:00:00Z,21648.6734877419,1775.532936835387,2,1988,medlo
1988-03-31T00:00:00Z,9438.673057054959,1825.8564345962234,3,1988,lolo
1988-04-30T00:00:00Z,7320.245822733482,2074.7972757940242,4,1988,lomed
1988-05-31T00:00:00Z,8924.374917168929,1558.4324749038294,5,1988,lolo
1988-06-30T00:00:00Z,11743.371960295033,1285.945143737541,6,1988,lolo
1988-12-31T00:00:00Z,9938.207305345892,1083.8581033358248,12,1988,lolo
1989-01-31T00:00:00Z,12139.240581915916,1341.5599229945283,1,1989,lolo
1989-02-28T00:00:00Z,11669.0187249364,1667.2262171402929,2,1989,lolo
1989-03-31T00:00:00Z,44175.957775937604,1922.6290432920523,3,1989,hilo
1989-04-30T00:00:00Z,20692.164509711307,1990.8405785967705,4,1989,medmed
1989-05-31T00:00:00Z,14834.855718194085,1588.0954142938774,5,1989,medlo
1989-06-30T00:00:00Z,14175.573032340459,1242.0039190209052,6,1989,medlo
1989-12-31T00:00:00Z,8303.016700233176,1138.1520886771207,12,1989,lolo
1990-01-31T00:00:00Z,18155.689806530077,1454.7771411578683,1,1990,medlo
1990-02-28T00:00:00Z,13128.878758412937,1712.215193615986,2,1990,lolo
1990-03-31T00:00:00Z,11531.121276233576,1645.708620518615,3,1990,lolo
1990-04-30T00:00:00Z,5966.061692117785,1881.0493396993295,4,1990,lolo
1990-05-31T00:00:00Z,9232.539781182688,1712.8681913869052,5,1990,lolo
1990-06-30T00:00:00Z,6092.325538300931,1187.692517818339,6,1990,lolo
1990-12-31T00:00:00Z,6171.550951176831,1039.346349957042,12,1990,lolo
1991-01-31T00:00:00Z,8932.386999149263,1241.1256394543618,1,1991,lolo
1991-02-28T00:00:00Z,9030.82720177081,1525.2155754206688,2,1991,lolo
1991-03-31T00:00:00Z,30712.872818741795,3297.9999949398643,3,1991,himed
1991-04-30T00:00:00Z,8467.041985441268,2110.721367765332,4,1991,lomed
1991-05-31T00:00:00Z,7720.5565475129615,1524.5801174441535,5,1991,lolo
1991-06-30T00:00:00Z,7138.6822440327505,1062.0782165343294,6,1991,lolo
1991-12-31T00:00:00Z,7486.507570041328,1026.2466804278963,12,1991,lolo
1992-01-31T00:00:00Z,9568.526715395565,1319.7090681652417,1,1992,lolo
1992-02-29T00:00:00Z,31155.75823258736,4862.302393237727,2,1992,hihi
1992-03-31T00:00:00Z,20260.39298048231,2469.5360887302036,3,1992,medmed
1992-04-30T00:00:00Z,8297.91105759704,2156.1328503760833,4,1992,lomed
1992-05-31T00:00:00Z,6943.799570045114,1551.2182258856615,5,1992,lolo
1992-06-30T00:00:00Z,6512.386726100349,1203.5406032415551,6,1992,lolo
1992-12-31T00:00:00Z,16364.552502502607,1207.3343796273532,12,1992,medlo
1993-01-31T00:00:00Z,57327.89775230372,5050.157119420606,1,1993,hihi
1993-02-28T00:00:00Z,51680.96863331919,3774.674808152654,2,1993,himed
1993-03-31T00:00:00Z,52107.60595934124,3795.491857728111,3,1993,himed
1993-04-30T00:00:00Z,30120.372845783404,5699.26339834708,4,1993,hihi
1993-05-31T00:00:00Z,20235.112044348385,4870.924483523193,5,1993,medhi
1993-06-30T00:00:00Z,18187.462834070553,3956.59029073425,6,1993,medmed
1993-12-31T00:00:00Z,13968.591501221717,1576.8819221947524,12,1993,medlo
1994-01-31T00:00:00Z,11685.039897430128,1707.4426951891105,1,1994,lolo
1994-02-28T00:00:00Z,20570.050053510113,2109.6316049082006,2,1994,medmed
1994-03-31T00:00:00Z,14097.000654618401,1907.1048117283428,3,1994,medlo
1994-04-30T00:00:00Z,10696.216108529414,2198.720196763496,4,1994,lomed
1994-05-31T00:00:00Z,9023.770289500626,1776.615369819602,5,1994,lolo
1994-06-30T00:00:00Z,14109.704787164334,998.307819897102,6,1994,medlo
1994-12-31T00:00:00Z,15579.950115512907,1039.0171838256342,12,1994,medlo
1995-01-31T00:00:00Z,71138.09279191463,3783.1172644664493,1,1995,himed
1995-02-28T00:00:00Z,53682.2157871006,2398.5927581701944,2,1995,himed
1995-03-31T00:00:00Z,78465.08982293782,14942.52795125626,3,1995,hihi
1995-04-30T00:00:00Z,54434.2602524033,13493.024873110779,4,1995,hihi
1995-05-31T00:00:00Z,53830.732203278974,19898.90533683017,5,1995,hihi
1995-06-30T00:00:00Z,23108.20646364889,13791.719614652946,6,1995,medhi
1995-12-31T00:00:00Z,27921.741304201256,2088.0333263992793,12,1995,himed
1996-01-31T00:00:00Z,39052.31928637524,2794.8447622505114,1,1996,himed
1996-02-29T00:00:00Z,74510.98877999432,13690.408666949403,2,1996,hihi
1996-03-31T00:00:00Z,59230.98088734545,10678.877223859454,3,1996,hihi
1996-04-30T00:00:00Z,30093.426771770326,9397.063554253524,4,1996,hihi
1996-05-31T00:00:00Z,39057.04290447802,7014.181036503744,5,1996,hihi
1996-06-30T00:00:00Z,12963.128705573075,3144.7495943603935,6,1996,lomed
1996-12-31T00:00:00Z,65569.08147372746,18012.265565099504,12,1996,hihi
1997-01-31T00:00:00Z,79263.5530995618,61005.00782318483,1,1997,hihi
1997-02-28T00:00:00Z,50984.75790696085,19905.320428287636,2,1997,hihi
1997-03-31T00:00:00Z,18790.652091987602,9659.365104250724,3,1997,medhi
1997-04-30T00:00:00Z,11774.335619451433,8193.154616378397,4,1997,lohi
1997-05-31T00:00:00Z,10494.098730981932,5479.108434864345,5,1997,lohi
1997-06-30T00:00:00Z,15005.99402466463,3694.435115622002,6,1997,medmed
1997-12-31T00:00:00Z,18716.161696405517,1906.9955749974001,12,1997,medlo
1998-01-31T00:00:00Z,57473.625845030816,4682.176159084777,1,1998,hihi
1998-02-28T00:00:00Z,84689.22344830068,27178.825594487647,2,1998,hihi
1998-03-31T00:00:00Z,67913.66865326399,14792.659803673896,3,1998,hihi
1998-04-30T00:00:00Z,38919.265413057656,15917.998789629155,4,1998,hihi
1998-05-31T00:00:00Z,50891.713502940394,17333.372123433568,5,1998,hihi
1998-06-30T00:00:00Z,40877.8395299269,17779.16101339766,6,1998,hihi
1998-12-31T00:00:00Z,36197.360619558356,2445.2827266583145,12,1998,himed
1999-01-31T00:00:00Z,37515.28357330332,4680.360907975899,1,1999,hihi
1999-02-28T00:00:00Z,74102.93750553275,11865.052801288246,2,1999,hihi
1999-03-31T00:00:00Z,57271.22971714649,6824.036607788683,3,1999,hihi
1999-04-30T00:00:00Z,20194.63489701324,6624.91101039111,4,1999,medhi
1999-05-31T00:00:00Z,14708.359198325275,5059.250329959533,5,1999,medhi
1999-06-30T00:00:00Z,12537.574549912872,3078.1350931837824,6,1999,lomed
1999-12-31T00:00:00Z,10111.997476998342,1372.4076728826956,12,1999,lolo
2000-01-31T00:00:00Z,24405.522800687057,3533.8116258159002,1,2000,medmed
2000-02-29T00:00:00Z,73350.00791727584,15856.799093885033,2,2000,hihi
2000-03-31T00:00:00Z,60666.605517291115,9969.546034002151,3,2000,hihi
2000-04-30T00:00:00Z,15817.924833845624,8611.570670710329,4,2000,medhi
2000-05-31T00:00:00Z,12411.571320347615,5345.790621644271,5,2000,lohi
2000-06-30T00:00:00Z,13889.217439895649,2629.83408756971,6,2000,medmed
2000-12-31T00:00:00Z,9972.970557593362,1386.297415980603,12,2000,lolo
2001-01-31T00:00:00Z,16139.80614200814,1909.4629028623642,1,2001,medlo
2001-02-28T00:00:00Z,21928.906530464516,2100.8246905280444,2,2001,medmed
2001-03-31T00:00:00Z,21761.86019295823,2482.2613648319657,3,2001,medmed
2001-04-30T00:00:00Z,10605.266679293707,2719.3591636445235,4,2001,lomed
2001-05-31T00:00:00Z,12268.856342266079,2320.3881078312866,5,2001,lomed
2001-06-30T00:00:00Z,11655.782114648524,1495.8135228333274,6,2001,lolo
2001-12-31T00:00:00Z,35570.854587060276,1642.5282827949493,12,2001,hilo
2002-01-31T00:00:00Z,43643.69721790088,2309.7712583579123,1,2002,himed
2002-02-28T00:00:00Z,19854.846859880043,1950.353576533842,2,2002,medlo
2002-03-31T00:00:00Z,18991.249758397775,2047.7094348272437,3,2002,medmed
2002-04-30T00:00:00Z,11786.140166589192,2585.5589519726655,4,2002,lomed
2002-05-31T00:00:00Z,11056.85527151649,2258.81101580506,5,2002,lomed
2002-06-30T00:00:00Z,13467.456739938869,1483.2261673921464,6,2002,medlo
2002-12-31T00:00:00Z,37325.97103761147,3022.4635672706677,12,2002,himed
2003-01-31T00:00:00Z,53784.99101816514,1767.131899738923,1,2003,hilo
2003-02-28T00:00:00Z,24402.98296003917,1923.2855467594893,2,2003,medlo
2003-03-31T00:00:00Z,21849.93963495683,2081.7000003989565,3,2003,medmed
2003-04-30T00:00:00Z,30725.934230684252,2904.311207068963,4,2003,himed
2003-05-31T00:00:00Z,32835.58526107211,2405.075090778432,5,2003,himed
2003-06-30T00:00:00Z,13956.528216939665,1615.6371973585565,6,2003,medlo
2003-12-31T00:00:00Z,27620.93752868317,1421.206293564263,12,2003,hilo
2004-01-31T00:00:00Z,35014.77109481721,1657.411939294853,1,2004,hilo
2004-02-29T00:00:00Z,57296.885695883604,2221.4656224271725,2,2004,himed
2004-03-31T00:00:00Z,42864.365382859774,2265.5371480983586,3,2004,himed
2004-04-30T00:00:00Z,15402.205393204116,2739.193164836513,4,2004,medmed
2004-05-31T00:00:00Z,10573.27465082477,2382.0291881154367,5,2004,lomed
2004-06-30T00:00:00Z,16166.44323224273,1612.0634551938665,6,2004,medlo
2004-12-31T00:00:00Z,19704.182981624504,2308.301976532614,12,2004,medmed
2005-01-31T00:00:00Z,35332.66276320536,3780.4597961889244,1,2005,himed
2005-02-28T00:00:00Z,24008.238828370435,6034.196171075986,2,2005,medhi
2005-03-31T00:00:00Z,28959.644151198052,10123.04730294902,3,2005,hihi
2005-04-30T00:00:00Z,15771.092291850657,10179.339945354055,4,2005,medhi
2005-05-31T00:00:00Z,41805.952234245575,14437.423983506978,5,2005,hihi
2005-06-30T00:00:00Z,21458.060360391326,9547.780694488112,6,2005,medhi
2005-12-31T00:00:00Z,53062.45556719803,5319.387520331485,12,2005,hihi
2006-01-31T00:00:00Z,73067.27272908401,12021.882680118568,1,2006,hihi
2006-02-28T00:00:00Z,50611.79506474678,9028.432213786504,2,2006,hihi
2006-03-31T00:00:00Z,70822.87958157943,12825.390201308599,3,2006,hihi
2006-04-30T00:00:00Z,78031.12376931445,22093.653138190053,4,2006,hihi
2006-05-31T00:00:00Z,29469.059631714546,27017.06937605562,5,2006,hihi
2006-06-30T00:00:00Z,12876.154823475355,8673.446282613373,6,2006,lohi
2006-12-31T00:00:00Z,20106.01387340069,1999.3615211620966,12,2006,medmed
2007-01-31T00:00:00Z,10919.117296869284,2081.769782993447,1,2007,lomed
2007-02-28T00:00:00Z,24487.164730549204,3179.90083049374,2,2007,medmed
2007-03-31T00:00:00Z,14865.970766722809,2525.1142157687095,3,2007,medmed
2007-04-30T00:00:00Z,11168.405807152822,2661.809336030563,4,2007,lomed
2007-05-31T00:00:00Z,13342.796123340138,2120.721116364887,5,2007,lomed
2007-06-30T00:00:00Z,13571.46790981097,1408.0194861636749,6,2007,medlo
2007-12-31T00:00:00Z,11856.487709269863,1234.8487367910004,12,2007,lolo
2008-01-31T00:00:00Z,24287.628338388353,2477.344941730719,1,2008,medmed
2008-02-29T00:00:00Z,23244.05353013342,2143.971335038065,2,2008,medmed
2008-03-31T00:00:00Z,18068.110035634174,2008.4871647300367,3,2008,medmed
2008-04-30T00:00:00Z,11927.430636302008,2534.159615965085,4,2008,lomed
2008-05-31T00:00:00Z,10391.123553330628,1897.700716391485,5,2008,lolo
2008-06-30T00:00:00Z,13681.906050615136,1159.8000286567828,6,2008,medlo
2008-12-31T00:00:00Z,9318.980565038573,1218.0713416173664,12,2008,lolo
2009-01-31T00:00:00Z,8395.430512163997,1601.2777536446424,1,2009,lolo
2009-02-28T00:00:00Z,23844.560955357207,1968.7086955324476,2,2009,medlo
2009-03-31T00:00:00Z,25214.757346967428,1979.6378722847278,3,2009,hilo
2009-04-30T00:00:00Z,17131.84502371506,3108.7111801164247,4,2009,medmed
2009-05-31T00:00:00Z,9662.299638253768,2491.7875579708802,5,2009,lomed
2009-06-30T00:00:00Z,16090.041833277153,1591.1279404563331,6,2009,medlo
2009-12-31T00:00:00Z,10006.89935823422,1422.4323785628878,12,2009,lolo
2010-01-31T00:00:00Z,27241.605732040913,2867.699234382951,1,2010,himed
2010-02-28T00:00:00Z,27421.302020527477,2579.818928511423,2,2010,himed
2010-03-31T00:00:00Z,19993.656455930945,2601.93920580483,3,2010,medmed
2010-04-30T00:00:00Z,23326.969432898466,6176.380990994221,4,2010,medhi
2010-05-31T00:00:00Z,18891.825354720593,4107.531004995272,5,2010,medhi
2010-06-30T00:00:00Z,12968.084469551794,4277.759427516273,6,2010,lohi
2010-12-31T00:00:00Z,51282.32635348183,11856.358870636102,12,2010,hihi
2011-01-31T00:00:00Z,30525.657342967654,9406.428505830181,1,2011,hihi
2011-02-28T00:00:00Z,31150.504286255265,9632.89262074853,2,2011,hihi
2011-03-31T00:00:00Z,70047.22440575038,18324.75202444222,3,2011,hihi
2011-04-30T00:00:00Z,40411.417306322204,14434.05133839093,4,2011,hihi
2011-05-31T00:00:00Z,30993.44912390255,12758.17503627111,5,2011,hihi
2011-06-30T00:00:00Z,30883.22229741034,10363.745999970295,6,2011,hihi
2011-12-31T00:00:00Z,12454.958630872377,1835.7973983585998,12,2011,lolo
2012-01-31T00:00:00Z,13969.176435185502,2157.6950329964698,1,2012,medmed
2012-02-29T00:00:00Z,13896.22045881038,2201.2692238068366,2,2012,medmed
2012-03-31T00:00:00Z,23516.218402021317,2508.215126558617,3,2012,medmed
2012-04-30T00:00:00Z,19515.898719692672,2671.002303790781,4,2012,medmed
2012-05-31T00:00:00Z,13839.094805505392,2277.337577956173,5,2012,medmed
2012-06-30T00:00:00Z,13905.823885579199,1550.3908709962243,6,2012,medlo
2012-12-31T00:00:00Z,55309.88588726634,2543.401481861658,12,2012,himed
2013-01-31T00:00:00Z,22313.19755341405,1653.5047462768393,1,2013,medlo
2013-02-28T00:00:00Z,21326.599731417158,1838.7724945245664,2,2013,medlo
2013-03-31T00:00:00Z,12104.819215367834,1929.9205228430487,3,2013,lolo
2013-04-30T00:00:00Z,10949.396845451798,2144.178479334179,4,2013,lomed
2013-05-31T00:00:00Z,11347.678114683642,1684.5246436914672,5,2013,lolo
2013-06-30T00:00:00Z,14256.210027107705,1021.0676017086887,6,2013,medlo
2013-12-31T00:00:00Z,7041.090284603699,1160.3271387817488,12,2013,lolo
2014-01-31T00:00:00Z,8285.65041057372,1382.953489933537,1,2014,lolo
2014-02-28T00:00:00Z,14407.790498986016,1707.543753790744,2,2014,medlo
2014-03-31T00:00:00Z,17211.763819862506,1796.9218960121336,3,2014,medlo
2014-04-30T00:00:00Z,8618.405862387739,1968.584390321687,4,2014,lolo
2014-05-31T00:00:00Z,6961.235669927969,1255.8539434019578,5,2014,lolo
2014-06-30T00:00:00Z,6806.044508381258,890.1401153560658,6,2014,lolo
2014-12-31T00:00:00Z,37307.76161524962,2703.549895367357,12,2014,himed
2015-01-31T00:00:00Z,10770.472314004157,1571.472016389603,1,2015,lolo
2015-02-28T00:00:00Z,17903.60244146725,1824.742565764132,2,2015,medlo
2015-03-31T00:00:00Z,9636.285441976384,1713.1711134725515,3,2015,lolo
2015-04-30T00:00:00Z,6088.5139943560025,1841.8301861373213,4,2015,lolo
2015-05-31T00:00:00Z,6787.416953875441,1275.4240598510057,5,2015,lolo
2015-06-30T00:00:00Z,8511.52257732325,904.2360655891828,6,2015,lolo
2015-12-31T00:00:00Z,9662.509021308555,1272.704764241731,12,2015,lolo
2016-01-31T00:00:00Z,30187.518844899863,2750.763889690866,1,2016,himed
2016-02-29T00:00:00Z,20991.627035264064,2039.5414369074547,2,2016,medmed
2016-03-31T00:00:00Z,48881.59309739398,3224.2911718311243,3,2016,himed
2016-04-30T00:00:00Z,20538.130418465902,3337.4928445472865,4,2016,medmed
2016-05-31T00:00:00Z,10721.385005408252,2521.3834036914736,5,2016,lomed
2016-06-30T00:00:00Z,13488.8458198146,1580.3263474739501,6,2016,medlo
2016-12-31T00:00:00Z,39368.754368180744,1265.4858825148212,12,2016,hilo
2017-01-31T00:00:00Z,70431.99192833851,9721.97191844364,1,2017,hihi
2017-02-28T00:00:00Z,82557.75479894332,46005.15539565064,2,2017,hihi
2017-03-31T00:00:00Z,69582.19749042435,18592.181912978926,3,2017,hihi
2017-04-30T00:00:00Z,58913.766158142156,18177.05511257753,4,2017,hihi
2017-05-31T00:00:00Z,23519.682519966176,15334.874325894225,5,2017,medhi
2017-06-30T00:00:00Z,11574.942216617614,14454.061723260744,6,2017,lohi
2017-12-31T00:00:00Z,15362.961185450451,2018.7922360122645,12,2017,medmed
2018-01-31T00:00:00Z,20179.908082149483,2802.075699011017,1,2018,medmed
2018-02-28T00:00:00Z,13491.455585773241,2620.6651969904497,2,2018,medmed
2018-03-31T00:00:00Z,29788.32896623961,6056.127690009396,3,2018,hihi
2018-04-30T00:00:00Z,24988.503203900837,7016.703188536058,4,2018,hihi
2018-05-31T00:00:00Z,14709.06516251129,3895.5261900000446,5,2018,medmed
2018-06-30T00:00:00Z,11325.988063926528,2171.7986128391813,6,2018,lomed
2018-12-31T00:00:00Z,17944.37835225449,1449.713026977415,12,2018,medlo
2019-01-31T00:00:00Z,28474.78171304741,1905.4488463459363,1,2019,hilo
2019-02-28T00:00:00Z,70623.58505984618,6391.044849462533,2,2019,hihi
2019-03-31T00:00:00Z,74613.44344586361,9467.31034417247,3,2019,hihi
2019-04-30T00:00:00Z,47123.456213763,12000.55609049045,4,2019,hihi
2019-05-31T00:00:00Z,28886.78059320015,10319.783632363487,5,2019,hihi
2019-06-30T00:00:00Z,14534.549557776063,10425.24471404443,6,2019,medhi
2019-12-31T00:00:00Z,20244.041311659057,3985.150412600247,12,2019,medmed
2020-01-31T00:00:00Z,15148.486934322165,2600.7117098901654,1,2020,medmed
2020-02-29T00:00:00Z,14833.431459782796,2402.741134456351,2,2020,medmed
2020-03-31T00:00:00Z,12197.569056390721,2400.911670838885,3,2020,lomed
2020-04-30T00:00:00Z,9549.325478388088,2518.664156455133,4,2020,lomed
2020-05-31T00:00:00Z,12441.772290780169,2009.97381180618,5,2020,lomed
2020-06-30T00:00:00Z,13746.821212030152,1344.4360577046157,6,2020,medlo
2020-12-31T00:00:00Z,11872.10172917173,1227.9407583783463,12,2020,lolo
2021-01-31T00:00:00Z,5981.003327821275,4380.566330625479,1,2021,lohi
2021-02-28T00:00:00Z,13517.670241318607,2207.49515135862,2,2021,medmed
2021-03-31T00:00:00Z,8066.749458899825,1973.2658517662342,3,2021,lolo
2021-04-30T00:00:00Z,5456.257808238346,2001.4118011904538,4,2021,lomed
2021-05-31T00:00:00Z,6467.677746573456,1308.0724941348114,5,2021,lolo
2021-06-30T00:00:00Z,11109.6090310651,995.9068404977095,6,2021,lolo
