Date,Sac.cfs,SJR.cfs,Month,Year,OMR,Exports,OMR_group,Sub.group
1921-12-31T00:00:00Z,19518.53979291754,4421.074211881515,12,1921,-5290.322580645161,8437.412121005807,-5000,medhi
1922-01-31T00:00:00Z,20220.73522459164,3347.9671879255693,1,1922,-4516.1290322580635,7139.601160347875,-5000,medmed
1922-03-31T00:00:00Z,39305.87954956103,7986.818280331116,3,1922,-3500.0000000000005,7816.101329129999,-3500,hihi
1922-05-31T00:00:00Z,31675.20126009218,6913.223567293874,5,1922,-1909.9597652057064,5114.695840508305,-2000,hihi
1922-12-31T00:00:00Z,37475.34293809488,3562.1319259018965,12,1922,-5290.322580645161,8636.213240721507,-5000,himed
1923-01-31T00:00:00Z,30413.364041619894,4755.556701192215,1,1923,-4516.129032258064,7658.441324479694,-5000,hihi
1923-03-31T00:00:00Z,14008.308706590728,4455.477246961157,3,1923,-3500,5817.550024352723,-3500,medhi
1923-05-31T00:00:00Z,15536.032063396106,3806.992316064535,5,1923,-2024.893317708466,3668.2326893616937,-2000,medmed
1923-12-31T00:00:00Z,9357.524836514864,1444.782210012889,12,1923,-1868.5621812238214,2526.3354737017594,-2000,lolo
1924-01-31T00:00:00Z,13235.64296550558,1756.4428269500343,1,1924,-5000,6557.420545932107,-5000,lolo
1924-02-29T00:00:00Z,16920.34820046394,1883.7864882693225,2,1924,-4940,6555.774108306525,-5000,medlo
1925-01-31T00:00:00Z,12225.320858269622,1612.1060824702822,1,1925,-5000,6367.534509969764,-5000,lolo
1925-03-31T00:00:00Z,20330.372569905725,2093.210298797967,3,1925,-3959.584539961806,5418.005573281271,-3500,medmed
1925-04-30T00:00:00Z,21330.864344286983,3562.8733248995486,4,1925,-2125.498524177793,3333.3734940996724,-2000,medmed
1925-06-30T00:00:00Z,12599.203461840087,1702.6939634621328,6,1925,-4927.717487522326,5139.4090100859885,-5000,lolo
1926-01-31T00:00:00Z,17876.010027669934,1809.2908993695785,1,1926,-4999.999999999999,6614.073471503886,-5000,medlo
1926-03-31T00:00:00Z,20809.637698514485,2154.9773457610927,3,1926,-3818.954752579751,4897.275153765682,-3500,medmed
1926-04-30T00:00:00Z,18581.449893827226,3034.5528498050026,4,1926,-1974.6961461534459,3502.6074568808394,-2000,medmed
1926-06-30T00:00:00Z,13776.685704399206,1467.4087318713068,6,1926,-4999.999999999997,5103.415743145139,-5000,medlo
1926-12-31T00:00:00Z,16882.6930116252,1552.3129994304036,12,1926,-5290.322580645156,6373.9053652364055,-5000,medlo
1927-01-31T00:00:00Z,33957.086923462164,1839.6719608255805,1,1927,-4516.1290322580635,5918.7823879794505,-5000,hilo
1927-03-31T00:00:00Z,47281.83940249883,3062.3133791274163,3,1927,-3500,5373.225393645618,-3500,himed
1927-04-30T00:00:00Z,44491.21617080615,7459.643309943956,4,1927,-3845,5933.055882371792,-3500,hihi
1927-06-30T00:00:00Z,12157.92133469494,2628.4874290084394,6,1927,-4667.094698617164,5682.671638173017,-5000,lomed
1927-12-31T00:00:00Z,12840.318370063958,1660.7071046719905,12,1927,-8359.233508945976,9989.678585160395,less than -5500,lolo
1928-01-31T00:00:00Z,21107.22143208087,2143.20013781846,1,1928,-3645.1612903225787,5029.214638852529,-3500,medmed
1928-03-31T00:00:00Z,68147.79093492725,7105.100550657864,3,1928,-3500,7950.737048287072,-3500,hihi
1928-04-30T00:00:00Z,28853.132666912483,5433.059785931185,4,1928,-2252.309450037987,4386.943074916993,-2000,hihi
1928-05-31T00:00:00Z,14999.54454505646,3326.3826006483455,5,1928,-2194.319931622073,3538.597420088653,-2000,medmed
1928-06-30T00:00:00Z,13417.498933449306,1996.533121719996,6,1928,-5000,5343.35418399644,-5000,medmed
1928-12-31T00:00:00Z,11888.076087111744,1536.69820732146,12,1928,-7376.525811582904,8991.296018312294,less than -5500,lolo
1929-01-31T00:00:00Z,12750.917970156377,1684.6738696214059,1,1929,-5000,6384.614130880465,-5000,lolo
1929-03-31T00:00:00Z,11686.637965413753,2051.3585462764813,3,1929,-3654.5048521740173,4964.418722709091,-3500,lomed
1929-05-31T00:00:00Z,7046.944158427348,1555.8973503910854,5,1929,-1981.9191401487208,2208.472267824082,-2000,lolo
1929-06-30T00:00:00Z,6159.395965789589,1213.7195814536951,6,1929,-1754.9149148492008,1466.3612941652839,-2000,lolo
1929-12-31T00:00:00Z,19597.910029057646,1221.6764753229497,12,1929,-5290.322580645161,6406.606279349074,-5000,medlo
1930-01-31T00:00:00Z,27341.25658580336,1738.5790365650528,1,1930,-4516.129032258064,6642.312460560984,-5000,hilo
1930-02-28T00:00:00Z,17836.229919767753,1895.6116291613857,2,1930,-1511.8401937420683,2962.660924345029,-2000,medlo
1930-04-30T00:00:00Z,13832.368273899621,2107.50587566554,4,1930,-2018.1678645419815,2965.729995185167,-2000,medmed
1930-06-30T00:00:00Z,13542.962353373878,1235.0017755753304,6,1930,-5000,4998.027740236033,-5000,medlo
1931-01-31T00:00:00Z,12936.768785771219,1750.4523882747567,1,1931,-4999.999999999999,6958.507209010554,-5000,lolo
1931-02-28T00:00:00Z,11772.916343218634,1817.5162634939354,2,1931,-4652.626403710835,6289.231470265111,-5000,lolo
1931-05-31T00:00:00Z,7103.001157799269,1350.4679412683224,5,1931,-1713.2706785728594,2041.9196290227123,-2000,lolo
1931-06-30T00:00:00Z,7209.225644339347,1040.1971636638511,6,1931,-1690.8876672483657,1091.6330246740708,-2000,lolo
1931-12-31T00:00:00Z,20859.489681150655,3653.7874521856206,12,1931,-5290.322580645161,8538.299927929738,-5000,medmed
1932-01-31T00:00:00Z,23508.200343291825,2106.3001334488995,1,1932,-4516.1290322580635,6036.945865072074,-5000,medmed
1932-03-31T00:00:00Z,10146.197114315752,2546.8228910754087,3,1932,-3234.638039459674,4721.339971206635,-3500,lomed
1932-04-30T00:00:00Z,9478.551895011415,5970.163189990624,4,1932,-2224.9972562149806,3781.96034697527,-2000,lohi
1932-05-31T00:00:00Z,16045.232980039546,4085.7834116898607,5,1932,-1803.4967313795048,3678.7063984942897,-2000,medmed
1932-12-31T00:00:00Z,11424.144627281403,1203.4225432314538,12,1932,-3424.0165057451122,4304.358895929969,-3500,lolo
1933-01-31T00:00:00Z,14158.34359367788,2203.0244453515957,1,1933,-4999.999999999999,7342.9883182411395,-5000,medmed
1933-02-28T00:00:00Z,14360.6969658969,1908.3587787489557,2,1933,-4820.000000000001,6381.4402329460645,-5000,medlo
1933-05-31T00:00:00Z,8173.212758477648,1788.3499609848268,5,1933,-1618.4563278688424,2183.97531974467,-2000,lolo
1933-12-31T00:00:00Z,17552.079394775028,1399.0962618992219,12,1933,-6797.252610704276,8324.841207889156,less than -5500,medlo
1934-01-31T00:00:00Z,18615.78476660607,1686.0202750227506,1,1934,-3645.1612903225805,5119.036644884653,-3500,medlo
1934-03-31T00:00:00Z,12199.805973007995,1759.2426342462575,3,1934,-3964.4335788394033,5042.815042127776,-3500,lolo
1934-05-31T00:00:00Z,7247.696507960681,1338.2817491512797,5,1934,-1987.6589028679691,1958.9434780164786,-2000,lolo
1934-06-30T00:00:00Z,6759.291669579704,1064.1417605714216,6,1934,-1689.5493067502143,1091.633024674073,-2000,lolo
1934-12-31T00:00:00Z,9547.467926885492,1366.9322603198382,12,1934,-3600.0259315197686,4555.956164658178,-3500,lolo
1935-01-31T00:00:00Z,29432.234312910707,2277.803567550905,1,1935,-3645.1612903225805,5612.439560721739,-3500,himed
1935-04-30T00:00:00Z,42920.111880596276,4829.092073541627,4,1935,-3411.0823488245173,4642.80453357411,-3500,hihi
1935-05-31T00:00:00Z,22364.43874008732,3281.9528869517167,5,1935,-2123.0610214459416,3324.540647030613,-2000,medmed
1935-06-30T00:00:00Z,11750.870024178575,2058.82434034268,6,1935,-4999.999999999998,5371.600959540707,-5000,lomed
1936-01-31T00:00:00Z,40145.52556007083,2196.834292537079,1,1936,-3645.161290322581,5878.236706426985,-3500,himed
1936-03-31T00:00:00Z,30033.58227347714,7467.02543404055,3,1936,-3499.9999999999995,7421.494163165555,-3500,hihi
1936-06-30T00:00:00Z,9645.843842990862,2571.8372582519714,6,1936,-3378.9200084974577,4323.033973243501,-3500,lomed
1936-12-31T00:00:00Z,10987.739978168041,1964.0105667589473,12,1936,-3660.0436196225774,5123.035809769532,-3500,lolo
1937-01-31T00:00:00Z,13100.772429877652,2379.2944207308774,1,1937,-5000.000000000002,7401.602503660815,-5000,lomed
1937-06-30T00:00:00Z,13814.501404803677,3224.3581672066152,6,1937,-4999.9999999999945,6320.551179661003,-5000,medmed
1937-12-31T00:00:00Z,59965.64566907157,4991.1888254998175,12,1937,-5290.322580645161,8731.638928955297,-5000,hihi
1938-01-31T00:00:00Z,29085.302493125826,5888.246934252951,1,1938,-4516.1290322580635,7895.08258598682,-5000,hihi
1938-04-30T00:00:00Z,47657.12821629254,17201.540526033303,4,1938,-2424.6445600339557,8788.455260256174,-2000,hihi
1938-06-30T00:00:00Z,10911.279757158476,10009.604555406142,6,1938,-3321.843849950634,7620.620916152653,-3500,lohi
1938-12-31T00:00:00Z,12819.920449785152,1867.975032458972,12,1938,-7457.4930777782465,9045.293445541822,less than -5500,lolo
1939-01-31T00:00:00Z,12498.198482185493,2093.59487437693,1,1939,-3777.812700868256,5422.149448271464,-3500,lomed
1939-02-28T00:00:00Z,12517.44832833698,2427.5384052240242,2,1939,-4819.999999999996,6962.886365475757,-5000,lomed
1939-03-31T00:00:00Z,10701.609503821628,2366.341979323192,3,1939,-3027.5760958195274,4761.444693996162,-3500,lomed
1939-04-30T00:00:00Z,12332.179631748895,2404.838795081597,4,1939,-2132.0361203786906,3236.2646674486755,-2000,lomed
1939-05-31T00:00:00Z,12560.75528133911,1973.8795744434885,5,1939,-2396.6103862388622,2955.2596905863847,-2000,lolo
1939-06-30T00:00:00Z,10089.187889967277,1343.9701002622437,6,1939,-3463.155931642133,3384.189709593123,-3500,lolo
1939-12-31T00:00:00Z,10870.28391694179,1252.8685777406142,12,1939,-1965.286309567915,2504.635076289734,-2000,lolo
1940-01-31T00:00:00Z,32679.253687913173,4732.8646763664,1,1940,-3645.1612903225814,7706.777656137541,-3500,hihi
1940-03-31T00:00:00Z,66646.04318042859,8914.614462937048,3,1940,-3499.9999999999995,8869.905432110862,-3500,hihi
1940-05-31T00:00:00Z,15147.880484530067,5020.882629641016,5,1940,-2094.0056982229726,4180.876121232983,-2000,medhi
1940-06-30T00:00:00Z,12829.163997555774,2556.3132289317055,6,1940,-4879.341556094515,5841.411804437357,-5000,lomed
1940-12-31T00:00:00Z,35881.15054125392,5542.182702116717,12,1940,-5290.322580645161,9606.306858300864,-5000,hihi
1941-01-31T00:00:00Z,65799.33924776345,3622.747581189657,1,1941,-4516.129032258064,7483.740219364909,-5000,himed
1941-03-31T00:00:00Z,63743.498447088714,9854.630282989912,3,1941,-3500,8814.773168876858,-3500,hihi
1941-04-30T00:00:00Z,56882.183563730105,11815.483946580654,4,1941,-3995,9389.678295078169,-3500,hihi
1941-12-31T00:00:00Z,46804.680844301954,3643.5826516027523,12,1941,-5290.322580645161,8147.793384608725,-5000,himed
1942-01-31T00:00:00Z,61173.05789144092,7078.20348801178,1,1942,-4516.129032258065,9725.981911652952,-5000,hihi
1942-03-31T00:00:00Z,24181.56002644178,6817.182100149481,3,1942,-3500,7415.409789328425,-3500,medhi
1942-04-30T00:00:00Z,40272.73389049154,9568.991392105045,4,1942,-3994.9999999999995,7587.776615996188,-3500,hihi
1942-05-31T00:00:00Z,27077.893975763043,8381.075468600533,5,1942,-1527.018603134701,5920.645242413419,-2000,hihi
1942-06-30T00:00:00Z,12641.262568188615,4151.845065784454,6,1942,-4830.74481651833,6595.238475928595,-5000,lohi
1942-12-31T00:00:00Z,25567.142985812286,2774.260334974582,12,1942,-5290.322580645161,7317.155221579087,-5000,himed
1943-01-31T00:00:00Z,64059.53856848752,11907.953420206351,1,1943,-4516.129032258064,11998.432208237438,-5000,hihi
1943-03-31T00:00:00Z,58077.01298404575,17187.29517483822,3,1943,-3019.4732456562942,12625.310523327009,-3500,hihi
1943-06-30T00:00:00Z,13261.640600875677,2901.8770938660527,6,1943,-4693.8027777575335,5804.858175356381,-5000,lomed
1943-12-31T00:00:00Z,10520.303298233872,1634.2686152681792,12,1943,-5101.716796069036,6319.737811700814,-5000,lolo
1944-01-31T00:00:00Z,12747.790479522815,1892.5063024751453,1,1944,-4810.551510098022,6570.97958155991,-5000,lolo
1944-04-30T00:00:00Z,11952.206784632033,2919.6881224796903,4,1944,-1790.1141548717578,2713.6775431465408,-2000,lomed
1944-06-30T00:00:00Z,13444.258121641333,1556.2480032403596,6,1944,-4999.9999999999945,5169.056358859471,-5000,medlo
1944-12-31T00:00:00Z,17706.21649097516,1513.4139945293107,12,1944,-5290.322580645161,6876.12984904943,-5000,medlo
1945-01-31T00:00:00Z,13374.918999600648,1743.775428568819,1,1945,-5000,6262.772520216993,-5000,lolo
1945-03-31T00:00:00Z,21715.151117810285,5632.379274201279,3,1945,-3500,7255.6624756361125,-3500,medhi
1945-04-30T00:00:00Z,11667.142629788386,6718.595302098243,4,1945,-1896.5638259321508,3741.866450886381,-2000,lohi
1945-05-31T00:00:00Z,11827.781292657264,4163.284419940116,5,1945,-2015.5670035543355,3894.9812430606585,-2000,lohi
1945-06-30T00:00:00Z,11839.656392917374,2350.36162555874,6,1945,-5000.000000000001,5503.802390823748,-5000,lomed
1945-12-31T00:00:00Z,55449.29529368669,5797.7586605806955,12,1945,-5290.322580645162,9281.98684564994,-5000,hihi
1946-01-31T00:00:00Z,48027.294504452344,5502.996978384436,1,1946,-4516.129032258064,7571.630144065988,-5000,hihi
1946-03-31T00:00:00Z,22053.14664801292,4898.470011574141,3,1946,-3500,6449.309016539917,-3500,medhi
1946-04-30T00:00:00Z,13153.03794538569,6266.420934707517,4,1946,-2024.6874483854976,3977.5031572427833,-2000,lohi
1946-05-31T00:00:00Z,12372.187780308997,3920.2426566588842,5,1946,-2077.0819417903363,3853.1720021565557,-2000,lomed
1946-06-30T00:00:00Z,12848.859423088532,2264.1779421901924,6,1946,-5000,5464.721261677189,-5000,lomed
1946-12-31T00:00:00Z,15121.77668873164,1554.7270396653419,12,1946,-7357.810411956173,8790.898297960886,less than -5500,medlo
1947-01-31T00:00:00Z,10913.721121211007,1646.6911181756645,1,1947,-5000,6231.680888756752,-5000,lolo
1947-03-31T00:00:00Z,17743.637275520716,2060.1932181097122,3,1947,-4625,6282.664915899055,-5000,medmed
1947-04-30T00:00:00Z,12968.301390200806,2470.07430034669,4,1947,-2350.473090849613,2987.9829065916547,-2000,lomed
1947-05-31T00:00:00Z,11601.023926901824,1970.7867379587203,5,1947,-2378.387748084698,2858.5476759956623,-2000,lolo
1947-12-31T00:00:00Z,7337.312199942003,1262.3544700785437,12,1947,-1658.8370206399702,2235.3003510474637,-2000,lolo
1948-01-31T00:00:00Z,13243.572291594435,1462.556595432633,1,1948,-3645.161290322581,4575.306330321007,-3500,lolo
1948-02-29T00:00:00Z,12802.21100408611,1732.0912032410727,2,1948,-2460.6837525137257,3638.0513197785867,-2000,lolo
1948-04-30T00:00:00Z,26205.209578375452,2462.105657495296,4,1948,-2309.862469481763,3372.2629777677735,-2000,himed
1948-05-31T00:00:00Z,27057.027923007947,1990.5051896050154,5,1948,-2472.6378435132456,3072.4885770509068,-2000,himed
1948-06-30T00:00:00Z,12773.517695786031,1174.3360743900096,6,1948,-4999.999999999997,5114.990407721933,-5000,lolo
1948-12-31T00:00:00Z,12954.160068522637,1190.017427248647,12,1948,-3908.3043847027984,5032.2161300026855,-3500,lolo
1949-01-31T00:00:00Z,11870.511278107422,1495.40308237231,1,1949,-5000,6259.159728207607,-5000,lolo
1949-02-28T00:00:00Z,14584.334844845147,1759.861571191352,2,1949,-4940.000000000001,6521.696889114422,-5000,medlo
1949-03-31T00:00:00Z,42865.06106589667,2205.975091358653,3,1949,-4625,6912.714290719252,-5000,himed
1949-04-30T00:00:00Z,15020.971678019492,2311.7752684807774,4,1949,-2399.773970038484,2904.6271716319575,-2000,medmed
1949-06-30T00:00:00Z,14288.422169433841,1079.7310037934596,6,1949,-4833.3537541813475,4747.265078769307,-5000,medlo
1950-01-31T00:00:00Z,24721.459217866122,1873.3400073705945,1,1950,-3645.1612903225805,5680.217127689526,-3500,medlo
1950-04-30T00:00:00Z,16020.79552701095,2604.06531286476,4,1950,-2432.256377520873,2881.9475059425754,-2000,medmed
1950-06-30T00:00:00Z,14018.0588676867,1388.0189161504659,6,1950,-5000.0000000000055,5072.240455605988,-5000,medlo
1951-01-31T00:00:00Z,58930.92637774886,9864.656111376436,1,1951,-4516.1290322580635,10399.808621517797,-5000,hihi
1951-03-31T00:00:00Z,29815.087407521445,5514.252369780976,3,1951,-3500,6831.526128546978,-3500,hihi
1951-04-30T00:00:00Z,11843.873501893268,6673.895399155301,4,1951,-2408.8289098775267,4654.908202163697,-2000,lohi
1951-05-31T00:00:00Z,11363.76620711162,4183.249750912438,5,1951,-1941.8030717164954,4033.154435523094,-2000,lohi
1951-06-30T00:00:00Z,14400.903239326102,2376.6253634896334,6,1951,-4999.999999999993,5515.712029560806,-5000,medmed
1951-12-31T00:00:00Z,37454.81794661163,2854.5923861639185,12,1951,-5290.322580645161,7860.950619293673,-5000,himed
1952-01-31T00:00:00Z,75869.6130715284,5240.565838538768,1,1952,-4516.129032258064,8739.695126003568,-5000,hihi
1952-03-31T00:00:00Z,60762.303000268585,8763.027463302813,3,1952,-3499.9999999999995,8754.602305306085,-3500,hihi
1952-04-30T00:00:00Z,44054.71005487041,11607.77561228652,4,1952,-3995,9051.161010291911,-3500,hihi
1952-06-30T00:00:00Z,18624.69005183951,7851.715464802036,6,1952,-4999.999999999999,8189.853931987298,-5000,medhi
1952-12-31T00:00:00Z,36623.45521379643,2472.277292344952,12,1952,-5290.322580645161,7680.71077509528,-5000,himed
1953-01-31T00:00:00Z,66159.24152332451,3551.9396444268045,1,1953,-4516.129032258064,7064.915649167242,-5000,himed
1953-03-31T00:00:00Z,19922.14106669523,3342.504844404117,3,1953,-3500,5470.689075518952,-3500,medmed
1953-04-30T00:00:00Z,20751.04363883729,3647.177724822838,4,1953,-1961.546598202839,3236.509584489948,-2000,medmed
1953-05-31T00:00:00Z,18815.415789099592,3174.816663309441,5,1953,-1847.7305211100886,3364.8034803899736,-2000,medmed
1953-06-30T00:00:00Z,17610.020892088236,1975.1212085565703,6,1953,-4999.999999999999,5408.788233410812,-5000,medlo
1953-12-31T00:00:00Z,13074.260838549604,1319.3562511835898,12,1953,-6975.282661230368,8168.852672950773,less than -5500,lolo
1954-01-31T00:00:00Z,26151.561762289453,1717.6078436279593,1,1954,-3645.1612903225805,5019.4987312744515,-3500,hilo
1954-03-31T00:00:00Z,34771.84508593083,2562.134122600446,3,1954,-3499.9999999999995,5511.91106299573,-3500,himed
1954-05-31T00:00:00Z,15810.896495349862,2775.3109981639095,5,1954,-2096.6173093431325,3240.896988778762,-2000,medmed
1954-06-30T00:00:00Z,13754.214476671157,1710.4994445448026,6,1954,-5000,5288.265584890238,-5000,medlo
1954-12-31T00:00:00Z,20320.060037598832,1394.0175088764388,12,1954,-5290.322580645161,6757.47923484937,-5000,medlo
1955-01-31T00:00:00Z,18392.630558622408,1919.886055782954,1,1955,-4516.129032258064,6576.2430445364425,-5000,medlo
1955-03-31T00:00:00Z,10145.236597952426,2056.2661889350265,3,1955,-3123.495809458596,4436.376361269965,-3500,lomed
1955-05-31T00:00:00Z,11327.315938385796,2060.649789483335,5,1955,-2218.358055374249,2973.262614938991,-2000,lomed
1955-06-30T00:00:00Z,15018.107582323655,1304.5155603121814,6,1955,-5000.000000000017,5029.549683747676,-5000,medlo
1955-12-31T00:00:00Z,55105.24122208865,10595.430729089912,12,1955,-5290.322580645161,12886.702783790237,-5000,hihi
1956-03-31T00:00:00Z,36775.34174157753,7915.9295847505,3,1956,-3499.9999999999995,7613.342369268899,-3500,hihi
1956-12-31T00:00:00Z,12557.286070499651,1609.9072361175708,12,1956,-6402.868430079271,7484.469683567666,less than -5500,lolo
1957-01-31T00:00:00Z,12877.229362115135,1823.685077182936,1,1957,-4999.9999999999945,6773.255425358523,-5000,lolo
1957-03-31T00:00:00Z,37818.49384779288,3557.719274766877,3,1957,-3500,5873.316599071621,-3500,himed
1957-04-30T00:00:00Z,12254.378806422203,3732.309160335341,4,1957,-1762.0529486454311,3264.4348534301707,-2000,lomed
1957-05-31T00:00:00Z,21578.622098894506,2906.7273464103464,5,1957,-1834.9026861002144,3205.2216184902118,-2000,medmed
1957-06-30T00:00:00Z,12450.74530675289,1772.6748086028838,6,1957,-5000,5287.375903834005,-5000,lolo
1957-12-31T00:00:00Z,24605.205232342894,1423.6392559049712,12,1957,-5290.322580645161,6633.492993209989,-5000,medlo
1958-01-31T00:00:00Z,35265.548728056114,2765.284802335548,1,1958,-4516.129032258064,7068.498643185771,-5000,himed
1958-03-31T00:00:00Z,70779.93381038353,10178.555369440757,3,1958,-3500,9806.246310780021,-3500,hihi
1958-04-30T00:00:00Z,68933.13073744018,17063.566979937426,4,1958,-1542.8222995984656,9488.95072317486,-2000,hihi
1958-06-30T00:00:00Z,14592.293253618584,5790.827882163757,6,1958,-4999.999999999999,7149.942551713366,-5000,medhi
1958-12-31T00:00:00Z,15640.211140621446,1741.9855106477976,12,1958,-8241.391598399063,9710.67940102465,less than -5500,medlo
1959-01-31T00:00:00Z,25224.65256271228,2732.1187554834555,1,1959,-3645.16129032258,6090.337619556397,-3500,himed
1959-03-31T00:00:00Z,16573.731843828315,2827.2837289426875,3,1959,-3500,5058.069344181572,-3500,medmed
1959-04-30T00:00:00Z,11628.400730005182,3017.3709345958127,4,1959,-2347.4254640162158,3232.993486751071,-2000,lomed
1959-06-30T00:00:00Z,13566.3907528096,1540.8850675444885,6,1959,-5000.000000000004,5136.734557698244,-5000,medlo
1959-12-31T00:00:00Z,8548.845335137725,1271.5122718270861,12,1959,-1797.146850889392,2398.648943634018,-2000,lolo
1960-01-31T00:00:00Z,11915.95722090226,1587.885909832671,1,1960,-4561.324625357592,6309.612666225765,-5000,lolo
1960-04-30T00:00:00Z,16083.804204198463,2138.1392839963382,4,1960,-2101.441394739325,3099.0022040371296,-2000,medmed
1960-05-31T00:00:00Z,9982.006901119035,1616.6443372868423,5,1960,-2254.7805649397155,2447.3329902448713,-2000,lolo
1960-06-30T00:00:00Z,13510.944816405543,1354.143375902771,6,1960,-5000,5052.054071986248,-5000,medlo
1960-12-31T00:00:00Z,17217.180876901235,1180.4366559120554,12,1960,-5290.322580645164,6218.254657701925,-5000,medlo
1961-01-31T00:00:00Z,11314.486373018604,1696.3444976103167,1,1961,-5000.000000000003,6673.83759449713,-5000,lolo
1961-04-30T00:00:00Z,11855.858459824536,2077.5952061210937,4,1961,-1912.5774234339683,2812.349721927537,-2000,lomed
1961-05-31T00:00:00Z,11588.310891998555,1490.4238307247015,5,1961,-2112.801521309309,2363.2371940163657,-2000,lolo
1961-06-30T00:00:00Z,13597.891900909353,1137.1147882309526,6,1961,-4999.999999999998,4968.642947845107,-5000,medlo
1961-12-31T00:00:00Z,15480.783170432658,1624.2154110432045,12,1961,-5290.322580645162,6621.842822952874,-5000,medlo
1962-03-31T00:00:00Z,23156.099980381194,2727.2232750922626,3,1962,-3500,5251.9766965999315,-3500,medmed
1962-05-31T00:00:00Z,14065.812173189239,3535.2458775250484,5,1962,-2359.6124360686385,3971.744990822149,-2000,medmed
1962-06-30T00:00:00Z,13010.141320266093,1922.201785348699,6,1962,-4999.999999999995,5309.647658087804,-5000,lolo
1962-12-31T00:00:00Z,29370.689072912603,1489.6923374876374,12,1962,-5290.322580645161,6423.960583814231,-5000,hilo
1963-01-31T00:00:00Z,17330.2592527452,1688.1973688178302,1,1963,-4516.129032258064,5550.823775343046,-5000,medlo
1963-03-31T00:00:00Z,23840.55605386112,2739.287976172362,3,1963,-3500,5541.210480002814,-3500,medmed
1963-04-30T00:00:00Z,66515.61316047962,6692.775028465439,4,1963,-3487.8738364191386,5634.1929974002505,-3500,hihi
1963-05-31T00:00:00Z,23853.6177548665,5405.351163761277,5,1963,-2474.401348210413,5008.001640029668,-2000,medhi
1963-06-30T00:00:00Z,14791.657559000783,2602.917677510818,6,1963,-5000,6012.1578244641605,-5000,medmed
1963-12-31T00:00:00Z,16082.367584748248,1387.518193940284,12,1963,-10121.513470049984,11427.230472457988,less than -5500,medlo
1964-01-31T00:00:00Z,22530.55396111148,1735.2616503133336,1,1964,-3645.1612903225787,5099.337426943257,-3500,medlo
1964-03-31T00:00:00Z,11109.973019826646,2028.8967263794432,3,1964,-3418.533470610994,4725.9351022247565,-3500,lomed
1964-04-30T00:00:00Z,11827.768397467544,2275.849564126299,4,1964,-2052.8779062880717,3087.21760643259,-2000,lomed
1964-05-31T00:00:00Z,11877.201336334027,1895.33966141939,5,1964,-2339.7171166781445,2832.603945447192,-2000,lolo
1964-06-30T00:00:00Z,14007.49222480732,1318.273186903398,6,1964,-4999.999999999999,5184.926524117776,-5000,medlo
1964-12-31T00:00:00Z,48597.646749787324,2190.743942902551,12,1964,-5290.322580645161,7523.768388266576,-5000,himed
1965-01-31T00:00:00Z,77641.22915621841,7538.112403948655,1,1965,-4516.129032258064,9106.927776224678,-5000,hihi
1965-03-31T00:00:00Z,15018.891913618238,4669.735782141092,3,1965,-3500,6149.609665348464,-3500,medhi
1965-12-31T00:00:00Z,13927.991114117023,3273.7592215989444,12,1965,-9198.147773516761,11877.037055980465,less than -5500,medmed
1966-01-31T00:00:00Z,30240.569326792902,3438.618030494826,1,1966,-3645.1612903225805,5851.704213854669,-3500,himed
1966-03-31T00:00:00Z,22355.650851279326,3541.783931043357,3,1966,-3500,5477.06012115334,-3500,medmed
1966-04-30T00:00:00Z,13651.721404050468,3536.5142082328953,4,1966,-2176.719032513942,3065.885691619824,-2000,medmed
1966-05-31T00:00:00Z,12207.662637332838,2748.6562207766137,5,1966,-2100.375346731126,3264.7637528303067,-2000,lomed
1966-06-30T00:00:00Z,13445.415055057058,1740.4322105311028,6,1966,-4999.999999999999,5231.173886559491,-5000,medlo
1966-12-31T00:00:00Z,36435.42382859821,2793.3785198789833,12,1966,-5290.322580645161,7717.544202915942,-5000,himed
1967-01-31T00:00:00Z,43407.43151903731,2980.807388173072,1,1967,-4516.1290322580635,7301.605514061277,-5000,himed
1967-03-31T00:00:00Z,45982.842358799215,7003.782339479529,3,1967,-3500,7844.850272434388,-3500,hihi
1967-04-30T00:00:00Z,45473.66222579287,13550.479367194916,4,1967,-3577.859962760741,9817.383432000981,-3500,hihi
1967-06-30T00:00:00Z,19131.559350263604,12289.822866497789,6,1967,-4999.999999999999,10521.384753572322,-5000,medhi
1967-12-31T00:00:00Z,13167.917538703243,1780.6047051579972,12,1967,-7615.1960076912865,9370.397668332153,less than -5500,lolo
1968-01-31T00:00:00Z,24269.81249730254,2038.8328093771154,1,1968,-3645.1612903225805,5258.773661490135,-3500,medmed
1968-03-31T00:00:00Z,31462.890235154002,2812.4325501016756,3,1968,-3499.9999999999995,5498.498379385439,-3500,himed
1968-04-30T00:00:00Z,12317.263937086016,2770.7950123386604,4,1968,-2410.757573571212,3582.268521493903,-2000,lomed
1968-06-30T00:00:00Z,14330.3533519754,1473.9187690264484,6,1968,-4999.999999999998,5106.367805448173,-5000,medlo
1968-12-31T00:00:00Z,23742.545273661177,1755.7010307073667,12,1968,-5290.322580645161,7313.3375507694855,-5000,medlo
1969-01-31T00:00:00Z,69509.89028114972,14446.808554839847,1,1969,-4516.129032258064,13686.719294791259,-5000,hihi
1969-12-31T00:00:00Z,44471.13440757296,2810.342670065576,12,1969,-5290.322580645161,7498.509683679125,-5000,himed
1970-01-31T00:00:00Z,76434.69937966761,17454.304096611537,1,1970,-3086.911707276599,14012.938318636378,-3500,hihi
1970-03-31T00:00:00Z,30888.669530590683,7725.815536096604,3,1970,-3500,7811.595348052053,-3500,hihi
1970-06-30T00:00:00Z,15271.544896686308,2376.4860920098527,6,1970,-4694.323039184453,5206.2472603621245,-5000,medmed
1970-12-31T00:00:00Z,55911.79094579907,2075.4773268669246,12,1970,-5290.322580645162,7713.784503867224,-5000,himed
1971-01-31T00:00:00Z,47519.23652186586,1811.9324303895955,1,1971,-4516.129032258064,5891.665837993494,-5000,hilo
1971-03-31T00:00:00Z,41860.24064110407,2428.15866566117,3,1971,-3500,5232.7736449223685,-3500,himed
1971-05-31T00:00:00Z,20397.38378336969,2788.7203815800062,5,1971,-1941.5315172627227,3264.305104427773,-2000,medmed
1971-06-30T00:00:00Z,12622.28496073218,1796.8653985710714,6,1971,-4999.999999999998,5261.4525189466385,-5000,lolo
1971-12-31T00:00:00Z,19042.146898398823,1638.8671501390395,12,1971,-5290.322580645161,6960.785173509975,-5000,medlo
1972-01-31T00:00:00Z,16737.602089831496,1561.0263933634938,1,1972,-4516.1290322580635,5587.955414748651,-5000,medlo
1972-03-31T00:00:00Z,23144.72287050163,1934.6001566997024,3,1972,-3500.0000000000005,4530.639307634358,-3500,medlo
1972-04-30T00:00:00Z,15179.512467965187,2301.6247931011994,4,1972,-2181.5643294269867,2931.4632145747464,-2000,medmed
1972-06-30T00:00:00Z,14124.51759094771,1255.170659983183,6,1972,-5000,5036.113825693972,-5000,medlo
1972-12-31T00:00:00Z,28573.177585663187,1693.1749290786752,12,1972,-5290.322580645161,6695.619182651242,-5000,hilo
1973-01-31T00:00:00Z,63891.27821324851,2490.3413536991493,1,1973,-4516.129032258064,7140.42749956642,-5000,himed
1973-03-31T00:00:00Z,50563.83223457282,4564.08173835388,3,1973,-3499.9999999999995,6644.82614450999,-3500,hihi
1973-04-30T00:00:00Z,14761.017060547865,7085.576445171278,4,1973,-1698.7639308199768,4140.00253873626,-2000,medhi
1973-05-31T00:00:00Z,11533.655456799392,4850.633247136914,5,1973,-2243.6270872077307,4298.193271090295,-2000,lohi
1973-06-30T00:00:00Z,14776.097262573781,2574.779838270118,6,1973,-5000,5965.6637902232305,-5000,medmed
1973-12-31T00:00:00Z,64580.30417438759,5854.761354175486,12,1973,-5290.322580645161,9064.825033419289,-5000,hihi
1974-01-31T00:00:00Z,73222.59713190103,8394.441051055566,1,1974,-4516.129032258064,9655.050997117953,-5000,hihi
1974-03-31T00:00:00Z,71034.68790334536,7853.932298823157,3,1974,-3499.9999999999995,8003.778039972834,-3500,hihi
1974-04-30T00:00:00Z,54581.27458665794,8127.564559434393,4,1974,-3995.0000000000005,6449.860686886597,-3500,hihi
1974-05-31T00:00:00Z,16819.417560269972,5704.937056993849,5,1974,-2363.779531770914,5005.0958299685435,-2000,medhi
1974-06-30T00:00:00Z,12234.563772279627,2757.5245241101698,6,1974,-4614.417125362035,5680.976799680931,-5000,lomed
1974-12-31T00:00:00Z,14056.481218796574,2054.473403131314,12,1974,-7004.069075515628,8820.140452733387,less than -5500,medmed
1975-01-31T00:00:00Z,11065.923753151777,2011.2584278498327,1,1975,-4999.999999999998,6420.1293781132235,-5000,lomed
1975-03-31T00:00:00Z,59059.04206277098,7210.047080094103,3,1975,-3500,7879.849129679377,-3500,hihi
1975-05-31T00:00:00Z,21895.25194256695,5224.896105374033,5,1975,-1984.8445939036935,4186.986949565873,-2000,medhi
1975-06-30T00:00:00Z,14507.705559411224,3198.5638777421887,6,1975,-5000,6292.259441027032,-5000,medmed
1975-12-31T00:00:00Z,11631.918178226995,1613.142649944794,12,1975,-5970.765005651213,6958.788177370432,less than -5500,lolo
1976-01-31T00:00:00Z,9697.39160185329,1755.5949973382233,1,1976,-3523.0918522341412,4590.9214679873,-3500,lolo
1976-02-29T00:00:00Z,11531.679182522357,2165.1286113952237,2,1976,-4698.480067446147,6375.967397973032,-5000,lomed
1976-03-31T00:00:00Z,12659.841611157377,2016.808388448951,3,1976,-3989.804087688173,5407.449651700976,-3500,lomed
1976-04-30T00:00:00Z,8924.397690399988,2341.5569957365783,4,1976,-1612.9363759339724,2941.726228540122,-2000,lomed
1976-05-31T00:00:00Z,7140.9268645235015,1699.7217909767078,5,1976,-1953.7110936576114,2243.16317054515,-2000,lolo
1976-12-31T00:00:00Z,5983.906021696879,1217.271772511514,12,1976,-1723.7475235038578,2089.72093535027,-2000,lolo
1977-05-31T00:00:00Z,6720.024816249584,1395.0699567389395,5,1977,-1704.9139045278168,1978.6061589104406,-2000,lolo
1977-06-30T00:00:00Z,11491.859436458748,957.5529936092124,6,1977,-3551.972671836337,3080.8953295939414,-3500,lolo
1977-12-31T00:00:00Z,14192.689587467563,1576.0809096551836,12,1977,-4829.018967292489,6483.1207108704975,-5000,medlo
1978-01-31T00:00:00Z,54219.243562356554,4137.809430321301,1,1978,-4516.129032258064,8434.609862087298,-5000,hihi
1978-03-31T00:00:00Z,54365.6782028072,8694.921671500271,3,1978,-3500.0000000000005,8858.625187777343,-3500,hihi
1978-05-31T00:00:00Z,16594.478242756424,7242.716963430394,5,1978,-3620,6782.51455481937,-3500,medhi
1978-06-30T00:00:00Z,14665.161243842982,4548.389950004381,6,1978,-5000,6474.443523236381,-5000,medhi
1978-12-31T00:00:00Z,11887.083750685397,1782.5536916023627,12,1978,-6812.148565876546,8052.775438361456,less than -5500,lolo
1979-01-31T00:00:00Z,19811.049846021913,5277.246218334115,1,1979,-5000.000000000001,9208.358763955981,-5000,medhi
1979-04-30T00:00:00Z,12485.854017373693,6758.112002461664,4,1979,-1771.8725967931366,3936.6105075541955,-2000,lohi
1979-05-31T00:00:00Z,12104.838118420497,7840.788106518077,5,1979,-1851.0244497185283,5378.7132803664645,-2000,lohi
1979-06-30T00:00:00Z,14225.543624775853,3329.4457926405935,6,1979,-4999.999999999999,6355.836857740789,-5000,medmed
1979-12-31T00:00:00Z,21911.854837709117,1836.0676380848179,12,1979,-5290.322580645164,6913.8027193334365,-5000,medlo
1980-01-31T00:00:00Z,66003.22378691866,12936.754104418806,1,1980,-4516.129032258064,12417.343124781599,-5000,hihi
1980-05-31T00:00:00Z,12383.515725660187,8214.029034185023,5,1980,-3620.0000000000036,7151.5437281497225,-3500,lohi
1980-06-30T00:00:00Z,10374.073997481673,7945.247001724473,6,1980,-3087.709530755577,6643.1605682063055,-3500,lohi
1980-12-31T00:00:00Z,13797.22899465289,1669.2239446506262,12,1980,-7927.595787332992,9472.516881198815,less than -5500,medlo
1981-01-31T00:00:00Z,20019.15507407944,3043.4459452415117,1,1981,-3645.1612903225832,6506.9210358720975,-3500,medmed
1981-04-30T00:00:00Z,10379.757056575812,2853.5682581238907,4,1981,-1818.6504566829287,2878.006901967476,-2000,lomed
1981-05-31T00:00:00Z,12137.750457602171,2429.425683234407,5,1981,-2443.006743916583,3099.2871671473395,-2000,lomed
1981-06-30T00:00:00Z,13413.066283556253,1569.3963413718993,6,1981,-5000,5149.663371262834,-5000,lolo
1981-12-31T00:00:00Z,71027.95133092522,1494.3391504336578,12,1981,-5290.322580645161,6625.269949313641,-5000,hilo
1982-01-31T00:00:00Z,65996.71247025776,7299.088580957664,1,1982,-4516.129032258064,10039.389934801384,-5000,hihi
1984-03-31T00:00:00Z,32558.617143019925,6092.484087179076,3,1984,-3500,6874.658241853573,-3500,hihi
1984-04-30T00:00:00Z,13508.503521230174,7167.760162613731,4,1984,-2160.2700223591746,4717.418602640084,-2000,medhi
1984-05-31T00:00:00Z,12365.402800544924,4440.627497377234,5,1984,-2203.1181679305673,4175.072595698763,-2000,lohi
1984-06-30T00:00:00Z,14140.246672146432,2539.4089189972283,6,1984,-4754.452057484244,5677.839810537956,-5000,medmed
1984-12-31T00:00:00Z,24463.459860153926,1713.856788951863,12,1984,-5290.322580645161,6775.983407676475,-5000,medlo
1985-01-31T00:00:00Z,13253.86815351894,1830.1591117739622,1,1985,-4999.999999999999,6398.999415915866,-5000,lolo
1985-02-28T00:00:00Z,14910.33745991315,2063.654962064198,2,1985,-4610,6319.026252021227,-5000,medmed
1985-03-31T00:00:00Z,13726.913819798716,2336.92762076569,3,1985,-3500,5318.163412586242,-3500,medmed
1985-04-30T00:00:00Z,9506.567474617937,2845.8403089693743,4,1985,-1955.7130328665307,2842.0949882821837,-2000,lomed
1985-05-31T00:00:00Z,14084.113228958813,2460.707100482257,5,1985,-2315.3422451208694,2948.8328932557833,-2000,medmed
1985-06-30T00:00:00Z,13161.100827092878,1655.6426618437392,6,1985,-5000,5228.13814645514,-5000,lolo
1985-12-31T00:00:00Z,14854.382489024258,1826.5780865733166,12,1985,-7355.020218712418,9135.717294063707,less than -5500,medlo
1986-01-31T00:00:00Z,26030.97041609758,1943.5262442442195,1,1986,-3645.1612903225714,5308.998089287259,-3500,hilo
1986-05-31T00:00:00Z,12045.218977990342,9691.732829513148,5,1986,-3515.325265808062,7891.630575915478,-3500,lohi
1986-06-30T00:00:00Z,10851.607581697534,4882.335339255585,6,1986,-2372.826972128167,4274.868634451916,-2000,lohi
1986-12-31T00:00:00Z,11266.256833720525,1647.6736528848148,12,1986,-6061.211964061734,7288.697392403912,less than -5500,lolo
1987-01-31T00:00:00Z,13453.143785618275,1948.361112154421,1,1987,-4815.120404104153,6601.846277271402,-5000,medlo
1987-04-30T00:00:00Z,13676.70398912439,2373.8200184197963,4,1987,-2356.9125275382335,3249.1480165714133,-2000,medmed
1987-06-30T00:00:00Z,14109.706259537743,1236.3848500922197,6,1987,-4909.429144715149,4900.634507484656,-5000,medlo
1987-12-31T00:00:00Z,17935.000615510493,1337.7610052183181,12,1987,-5290.322580645159,6883.0385008829435,-5000,medlo
1988-01-31T00:00:00Z,26457.338447745016,1661.7339876775554,1,1988,-4516.129032258064,6171.42255334273,-5000,hilo
1988-02-29T00:00:00Z,21648.6734877419,1775.532936835387,2,1988,-3717.1007859244696,4897.151943691465,-3500,medlo
1988-03-31T00:00:00Z,9438.673057054959,1825.8564345962234,3,1988,-1702.7241417759224,2547.343393796592,-2000,lolo
1988-05-31T00:00:00Z,8924.374917168929,1558.4324749038294,5,1988,-1644.7939166069277,1958.66781596194,-2000,lolo
1988-06-30T00:00:00Z,11743.371960295033,1285.945143737541,6,1988,-3112.3455771763615,3036.07291612213,-3500,lolo
1989-01-31T00:00:00Z,12139.240581915916,1341.5599229945283,1,1989,-4582.160081682088,5657.554104227039,-5000,lolo
1989-03-31T00:00:00Z,44175.957775937604,1922.6290432920523,3,1989,-4625,6518.33135327001,-5000,hilo
1989-04-30T00:00:00Z,20692.164509711307,1990.8405785967705,4,1989,-2236.2435510192236,2992.2468397869507,-2000,medmed
1989-06-30T00:00:00Z,14175.573032340459,1242.0039190209052,6,1989,-4999.999999999999,5051.563278291584,-5000,medlo
1989-12-31T00:00:00Z,8303.016700233176,1138.1520886771207,12,1989,-2173.2906928966236,2543.517470144643,-2000,lolo
1990-01-31T00:00:00Z,18155.689806530077,1454.7771411578683,1,1990,-3645.1612903225805,4903.281291543408,-3500,medlo
1990-02-28T00:00:00Z,13128.878758412937,1712.215193615986,2,1990,-3918.1808217253715,5751.302713145068,-3500,lolo
1990-03-31T00:00:00Z,11531.121276233576,1645.708620518615,3,1990,-3714.849935177639,4816.152369754541,-3500,lolo
1990-05-31T00:00:00Z,9232.539781182688,1712.8681913869052,5,1990,-1610.4183597959254,2345.0879886645735,-2000,lolo
1991-03-31T00:00:00Z,30712.872818741795,3297.9999949398643,3,1991,-4625,7836.697436873824,-5000,himed
1991-04-30T00:00:00Z,8467.041985441268,2110.721367765332,4,1991,-1615.841139309623,2604.7098745238054,-2000,lomed
1991-05-31T00:00:00Z,7720.5565475129615,1524.5801174441535,5,1991,-1837.7588720927556,2096.3834786721864,-2000,lolo
1991-06-30T00:00:00Z,7138.6822440327505,1062.0782165343294,6,1991,-2081.714749436499,1491.6330246740736,-2000,lolo
1991-12-31T00:00:00Z,7486.507570041328,1026.2466804278963,12,1991,-2366.634186692981,3239.426718366704,-2000,lolo
1992-03-31T00:00:00Z,20260.39298048231,2469.5360887302036,3,1992,-4625.000000000001,6554.975584804425,-5000,medmed
1992-05-31T00:00:00Z,6943.799570045114,1551.2182258856615,5,1992,-1866.8050162821492,2081.768071899467,-2000,lolo
1992-06-30T00:00:00Z,6512.386726100349,1203.5406032415551,6,1992,-1618.902067140203,1091.6330246740733,-2000,lolo
1992-12-31T00:00:00Z,16364.552502502607,1207.3343796273532,12,1992,-5144.960913206377,6742.483001508363,-5000,medlo
1993-01-31T00:00:00Z,57327.89775230372,5050.157119420606,1,1993,-4516.129032258064,9006.360820672835,-5000,hihi
1993-03-31T00:00:00Z,52107.60595934124,3795.491857728111,3,1993,-3499.9999999999995,6344.620787210359,-3500,himed
1993-04-30T00:00:00Z,30120.372845783404,5699.26339834708,4,1993,-2273.211276067364,3422.42149230638,-2000,hihi
1993-06-30T00:00:00Z,18187.462834070553,3956.59029073425,6,1993,-5000.000000000001,6339.6305398939585,-5000,medmed
1993-12-31T00:00:00Z,13968.591501221717,1576.8819221947524,12,1993,-7960.480388266675,9767.530045173904,less than -5500,medlo
1994-01-31T00:00:00Z,11685.039897430128,1707.4426951891105,1,1994,-5000,6544.253091400982,-5000,lolo
1994-04-30T00:00:00Z,10696.216108529414,2198.720196763496,4,1994,-1735.1862124168974,2909.9506715470834,-2000,lomed
1994-05-31T00:00:00Z,9023.770289500626,1776.615369819602,5,1994,-1886.3866576566622,2520.92810804686,-2000,lolo
1994-06-30T00:00:00Z,14109.704787164334,998.307819897102,6,1994,-4532.422296727268,4384.659265450418,-5000,medlo
1994-12-31T00:00:00Z,15579.950115512907,1039.0171838256342,12,1994,-9544.346155550737,10862.048120454509,less than -5500,medlo
1995-01-31T00:00:00Z,71138.09279191463,3783.1172644664493,1,1995,-3645.1612903225805,7548.018704717639,-3500,himed
1995-03-31T00:00:00Z,78465.08982293782,14942.52795125626,3,1995,-3298.874059427056,13028.888056991487,-3500,hihi
1995-04-30T00:00:00Z,54434.2602524033,13493.024873110779,4,1995,-3994.999999999999,9375.14225649866,-3500,hihi
1995-12-31T00:00:00Z,27921.741304201256,2088.0333263992793,12,1995,-5290.322580645161,7915.545655278076,-5000,himed
1996-01-31T00:00:00Z,39052.31928637524,2794.8447622505114,1,1996,-4516.1290322580635,6985.609785129276,-5000,himed
1996-03-31T00:00:00Z,59230.98088734545,10678.877223859454,3,1996,-3500.0000000000005,9498.46670933431,-3500,hihi
1996-05-31T00:00:00Z,39057.04290447802,7014.181036503744,5,1996,-1512.9826594087942,5159.128960305754,-2000,hihi
1996-06-30T00:00:00Z,12963.128705573075,3144.7495943603935,6,1996,-4854.353361788277,6100.470724259239,-5000,lomed
1996-12-31T00:00:00Z,65569.08147372746,18012.265565099504,12,1996,-2185.498751868226,13263.769241279544,-2000,hihi
1997-03-31T00:00:00Z,18790.652091987602,9659.365104250724,3,1997,-3499.9999999999995,8479.55689809904,-3500,medhi
1997-04-30T00:00:00Z,11774.335619451433,8193.154616378397,4,1997,-1688.5931788249884,4780.698703181249,-2000,lohi
1997-06-30T00:00:00Z,15005.99402466463,3694.435115622002,6,1997,-4578.9193236057,5756.745754441205,-5000,medmed
1997-12-31T00:00:00Z,18716.161696405517,1906.9955749974001,12,1997,-5290.322580645161,6911.399425640143,-5000,medlo
1998-01-31T00:00:00Z,57473.625845030816,4682.176159084777,1,1998,-4516.129032258064,8237.450179585947,-5000,hihi
1998-03-31T00:00:00Z,67913.66865326399,14792.659803673896,3,1998,-3499.9999999999995,11590.2619405153,-3500,hihi
1998-06-30T00:00:00Z,40877.8395299269,17779.16101339766,6,1998,-2338.596538753486,11271.633024674073,-2000,hihi
1998-12-31T00:00:00Z,36197.360619558356,2445.2827266583145,12,1998,-5290.322580645163,6915.150696030976,-5000,himed
1999-01-31T00:00:00Z,37515.28357330332,4680.360907975899,1,1999,-4516.1290322580635,7749.842442695509,-5000,hihi
1999-03-31T00:00:00Z,57271.22971714649,6824.036607788683,3,1999,-3500.0000000000005,7280.119250249061,-3500,hihi
1999-04-30T00:00:00Z,20194.63489701324,6624.91101039111,4,1999,-2392.0356927683324,4835.759706398811,-2000,medhi
1999-05-31T00:00:00Z,14708.359198325275,5059.250329959533,5,1999,-2158.12819509089,4489.168317129942,-2000,medhi
1999-06-30T00:00:00Z,12537.574549912872,3078.1350931837824,6,1999,-4666.701766913404,5860.045888991335,-5000,lomed
1999-12-31T00:00:00Z,10111.997476998342,1372.4076728826956,12,1999,-3280.4148004343524,3900.569010942986,-3500,lolo
2000-01-31T00:00:00Z,24405.522800687057,3533.8116258159002,1,2000,-3645.161290322574,6710.654441586421,-3500,medmed
2000-03-31T00:00:00Z,60666.605517291115,9969.546034002151,3,2000,-3499.9999999999995,8999.090942047029,-3500,hihi
2000-05-31T00:00:00Z,12411.571320347615,5345.790621644271,5,2000,-2022.1355826341985,4621.955432078018,-2000,lohi
2000-06-30T00:00:00Z,13889.217439895649,2629.83408756971,6,2000,-4999.999999999992,6001.5751110910405,-5000,medmed
2001-01-31T00:00:00Z,16139.80614200814,1909.4629028623642,1,2001,-4999.999999999999,6945.550555197996,-5000,medlo
2001-04-30T00:00:00Z,10605.266679293707,2719.3591636445235,4,2001,-1817.8652564673298,2911.3837148979414,-2000,lomed
2001-06-30T00:00:00Z,11655.782114648524,1495.8135228333274,6,2001,-3382.5162514176877,3380.565569688483,-3500,lolo
2001-12-31T00:00:00Z,35570.854587060276,1642.5282827949493,12,2001,-5290.322580645161,7378.764094929389,-5000,hilo
2002-01-31T00:00:00Z,43643.69721790088,2309.7712583579123,1,2002,-4516.129032258064,6212.921947234689,-5000,himed
2002-03-31T00:00:00Z,18991.249758397775,2047.7094348272437,3,2002,-3499.9999999999995,5049.914189450294,-3500,medmed
2002-04-30T00:00:00Z,11786.140166589192,2585.5589519726655,4,2002,-2439.081367103844,2947.464996604653,-2000,lomed
2002-05-31T00:00:00Z,11056.85527151649,2258.81101580506,5,2002,-2204.603015563038,2925.35683231052,-2000,lomed
2002-06-30T00:00:00Z,13467.456739938869,1483.2261673921464,6,2002,-4999.999999999999,5110.5883681269925,-5000,medlo
2002-12-31T00:00:00Z,37325.97103761147,3022.4635672706677,12,2002,-5290.322580645161,8073.020195313571,-5000,himed
2003-01-31T00:00:00Z,53784.99101816514,1767.131899738923,1,2003,-4516.129032258064,5641.550807948553,-5000,hilo
2003-03-31T00:00:00Z,21849.93963495683,2081.7000003989565,3,2003,-3499.9999999999995,4919.776550468527,-3500,medmed
2003-04-30T00:00:00Z,30725.934230684252,2904.311207068963,4,2003,-2140.1304720261364,3114.0870810440124,-2000,himed
2003-05-31T00:00:00Z,32835.58526107211,2405.075090778432,5,2003,-2219.3212061886425,2840.439266802703,-2000,himed
2003-06-30T00:00:00Z,13956.528216939665,1615.6371973585565,6,2003,-4999.999999999998,5170.631897949423,-5000,medlo
2003-12-31T00:00:00Z,27620.93752868317,1421.206293564263,12,2003,-5290.322580645155,6882.388900600229,-5000,hilo
2004-01-31T00:00:00Z,35014.77109481721,1657.411939294853,1,2004,-4516.129032258064,6041.891066385659,-5000,hilo
2004-03-31T00:00:00Z,42864.365382859774,2265.5371480983586,3,2004,-3500,4861.8789116554,-3500,himed
2004-04-30T00:00:00Z,15402.205393204116,2739.193164836513,4,2004,-2475.6122187345636,3334.0752412078937,-2000,medmed
2004-05-31T00:00:00Z,10573.27465082477,2382.0291881154367,5,2004,-2434.681053664788,3092.5878698383167,-2000,lomed
2004-06-30T00:00:00Z,16166.44323224273,1612.0634551938665,6,2004,-4689.433333312802,4840.55915515631,-5000,medlo
2004-12-31T00:00:00Z,19704.182981624504,2308.301976532614,12,2004,-5290.3225806451555,7109.6739065500715,-5000,medmed
2005-01-31T00:00:00Z,35332.66276320536,3780.4597961889244,1,2005,-4516.129032258064,7613.0831357373845,-5000,himed
2005-03-31T00:00:00Z,28959.644151198052,10123.04730294902,3,2005,-3500,9441.25632110961,-3500,hihi
2005-05-31T00:00:00Z,41805.952234245575,14437.423983506978,5,2005,-3500,10427.768021979733,-3500,hihi
2005-06-30T00:00:00Z,21458.060360391326,9547.780694488112,6,2005,-4999.999999999999,9124.940903315686,-5000,medhi
2005-12-31T00:00:00Z,53062.45556719803,5319.387520331485,12,2005,-5290.322580645161,9216.433785764426,-5000,hihi
2006-01-31T00:00:00Z,73067.27272908401,12021.882680118568,1,2006,-4516.129032258064,11843.178296361017,-5000,hihi
2006-03-31T00:00:00Z,70822.87958157943,12825.390201308599,3,2006,-1965.170077023443,9316.185524583063,-2000,hihi
2006-12-31T00:00:00Z,20106.01387340069,1999.3615211620966,12,2006,-5290.322580645161,6832.497461771652,-5000,medmed
2007-01-31T00:00:00Z,10919.117296869284,2081.769782993447,1,2007,-5000,6415.494097968071,-5000,lomed
2007-03-31T00:00:00Z,14865.970766722809,2525.1142157687095,3,2007,-3500,5011.089765666933,-3500,medmed
2007-04-30T00:00:00Z,11168.405807152822,2661.809336030563,4,2007,-2114.9421164131845,3440.445850798651,-2000,lomed
2007-06-30T00:00:00Z,13571.46790981097,1408.0194861636749,6,2007,-5000.000000000002,5076.484905535296,-5000,medlo
2007-12-31T00:00:00Z,11856.487709269863,1234.8487367910004,12,2007,-2474.7865248953076,3417.6816391618763,-2000,lolo
2008-01-31T00:00:00Z,24287.628338388353,2477.344941730719,1,2008,-3645.1612903225805,6330.137959087846,-3500,medmed
2008-03-31T00:00:00Z,18068.110035634174,2008.4871647300367,3,2008,-3857.3291884791934,4897.275153765682,-3500,medmed
2008-04-30T00:00:00Z,11927.430636302008,2534.159615965085,4,2008,-2363.9791826557516,2672.3286913757493,-2000,lomed
2008-06-30T00:00:00Z,13681.906050615136,1159.8000286567828,6,2008,-5000.000000000001,4963.926515172319,-5000,medlo
2008-12-31T00:00:00Z,9318.980565038573,1218.0713416173664,12,2008,-2317.798068782563,3184.1677392097918,-2000,lolo
2009-04-30T00:00:00Z,17131.84502371506,3108.7111801164247,4,2009,-2332.938104433559,2752.6699351174807,-2000,medmed
2009-05-31T00:00:00Z,9662.299638253768,2491.7875579708802,5,2009,-2283.4193741919603,2897.381039150946,-2000,lomed
2009-06-30T00:00:00Z,16090.041833277153,1591.1279404563331,6,2009,-4530.309649638193,4658.323347542717,-5000,medlo
2009-12-31T00:00:00Z,10006.89935823422,1422.4323785628878,12,2009,-3280.6923732153923,4342.440257543707,-3500,lolo
2010-01-31T00:00:00Z,27241.605732040913,2867.699234382951,1,2010,-3645.1612903225805,5869.652910539008,-3500,himed
2010-03-31T00:00:00Z,19993.656455930945,2601.93920580483,3,2010,-3500,5134.578183698254,-3500,medmed
2010-04-30T00:00:00Z,23326.969432898466,6176.380990994221,4,2010,-1610.2328585169869,3488.279267051641,-2000,medhi
2010-05-31T00:00:00Z,18891.825354720593,4107.531004995272,5,2010,-1878.2156021613107,3801.7279907428397,-2000,medhi
2010-06-30T00:00:00Z,12968.084469551794,4277.759427516273,6,2010,-5000,6846.128539438321,-5000,lohi
2010-12-31T00:00:00Z,51282.32635348183,11856.358870636102,12,2010,-5290.322580645161,12462.622569012503,-5000,hihi
2011-01-31T00:00:00Z,30525.657342967654,9406.428505830181,1,2011,-4516.1290322580635,9827.751537020826,-5000,hihi
2011-02-28T00:00:00Z,31150.504286255265,9632.89262074853,2,2011,-2290.7505859857333,8001.831779797872,-2000,hihi
2011-04-30T00:00:00Z,40411.417306322204,14434.05133839093,4,2011,-3927.353741954813,9746.612176662375,-3500,hihi
2011-05-31T00:00:00Z,30993.44912390255,12758.17503627111,5,2011,-1524.604335449548,7350.1475941618755,-2000,hihi
2011-06-30T00:00:00Z,30883.22229741034,10363.745999970295,6,2011,-5000,9653.778307400818,-5000,hihi
2011-12-31T00:00:00Z,12454.958630872377,1835.7973983585998,12,2011,-6880.039636976961,8058.2874018186685,less than -5500,lolo
2012-01-31T00:00:00Z,13969.176435185502,2157.6950329964698,1,2012,-4999.999999999999,6709.931091865899,-5000,medmed
2012-02-29T00:00:00Z,13896.22045881038,2201.2692238068366,2,2012,-3652.847284012613,5086.256456468699,-3500,medmed
2012-04-30T00:00:00Z,19515.898719692672,2671.002303790781,4,2012,-2034.8627390045356,3559.8325143230013,-2000,medmed
2012-05-31T00:00:00Z,13839.094805505392,2277.337577956173,5,2012,-2362.2699742551677,2770.4422123587565,-2000,medmed
2012-06-30T00:00:00Z,13905.823885579199,1550.3908709962243,6,2012,-5000,5148.452585196006,-5000,medlo
2012-12-31T00:00:00Z,55309.88588726634,2543.401481861658,12,2012,-5290.322580645161,7829.518807496466,-5000,himed
2013-01-31T00:00:00Z,22313.19755341405,1653.5047462768393,1,2013,-4516.129032258064,5722.422907723724,-5000,medlo
2013-03-31T00:00:00Z,12104.819215367834,1929.9205228430487,3,2013,-3500,4606.257838712336,-3500,lolo
2013-04-30T00:00:00Z,10949.396845451798,2144.178479334179,4,2013,-1853.7704072440222,2781.697931509709,-2000,lomed
2013-06-30T00:00:00Z,14256.210027107705,1021.0676017086887,6,2013,-5000,4901.016464424213,-5000,medlo
2014-01-31T00:00:00Z,8285.65041057372,1382.953489933537,1,2014,-1646.2447222083747,2298.7476060755594,-2000,lolo
2014-03-31T00:00:00Z,17211.763819862506,1796.9218960121336,3,2014,-4625.000000000001,6219.622403755224,-5000,medlo
2014-05-31T00:00:00Z,6961.235669927969,1255.8539434019578,5,2014,-1517.7127840981377,1571.858979115968,-2000,lolo
2014-06-30T00:00:00Z,6806.044508381258,890.1401153560658,6,2014,-1670.646639316995,1091.633024674073,-2000,lolo
2014-12-31T00:00:00Z,37307.76161524962,2703.549895367357,12,2014,-5290.322580645161,7978.79029892061,-5000,himed
2015-03-31T00:00:00Z,9636.285441976384,1713.1711134725515,3,2015,-2374.7125076145253,3302.45260161453,-2000,lolo
2015-05-31T00:00:00Z,6787.416953875441,1275.4240598510057,5,2015,-1811.768162491652,1657.2502117087172,-2000,lolo
2015-06-30T00:00:00Z,8511.52257732325,904.2360655891828,6,2015,-1934.1529784744018,1322.9915328954955,-2000,lolo
2015-12-31T00:00:00Z,9662.509021308555,1272.704764241731,12,2015,-1958.6823350893665,3411.7998514970836,-2000,lolo
2016-01-31T00:00:00Z,30187.518844899863,2750.763889690866,1,2016,-4516.1290322580635,6635.867147470782,-5000,himed
2016-02-29T00:00:00Z,20991.627035264064,2039.5414369074547,2,2016,-3247.8405912326757,4619.379069604602,-3500,medmed
2016-04-30T00:00:00Z,20538.130418465902,3337.4928445472865,4,2016,-2154.890340606964,3183.6866680204234,-2000,medmed
2016-05-31T00:00:00Z,10721.385005408252,2521.3834036914736,5,2016,-1985.0303631922852,2952.391098787702,-2000,lomed
2016-06-30T00:00:00Z,13488.8458198146,1580.3263474739501,6,2016,-4999.99999999998,5154.619726843723,-5000,medlo
2016-12-31T00:00:00Z,39368.754368180744,1265.4858825148212,12,2016,-5290.322580645152,7083.595613005628,-5000,hilo
2017-01-31T00:00:00Z,70431.99192833851,9721.97191844364,1,2017,-4516.1290322580635,11028.639616272663,-5000,hihi
2017-06-30T00:00:00Z,11574.942216617614,14454.061723260744,6,2017,-3005.2556062221906,9572.665661823008,-3500,lohi
2017-12-31T00:00:00Z,15362.961185450451,2018.7922360122645,12,2017,-9387.361241616105,11647.634488722682,less than -5500,medmed
2018-01-31T00:00:00Z,20179.908082149483,2802.075699011017,1,2018,-3645.16129032258,5810.1753325642185,-3500,medmed
2018-04-30T00:00:00Z,24988.503203900837,7016.703188536058,4,2018,-3297.755846888897,6660.480552601383,-3500,hihi
2018-05-31T00:00:00Z,14709.06516251129,3895.5261900000446,5,2018,-1908.5342479649062,3833.0030357993837,-2000,medmed
2018-06-30T00:00:00Z,11325.988063926528,2171.7986128391813,6,2018,-4721.191265680574,5228.887522501422,-5000,lomed
2018-12-31T00:00:00Z,17944.37835225449,1449.713026977415,12,2018,-7924.307265950619,9607.042752681242,less than -5500,medlo
2019-01-31T00:00:00Z,28474.78171304741,1905.4488463459363,1,2019,-3645.16129032258,5703.36513386431,-3500,hilo
2019-03-31T00:00:00Z,74613.44344586361,9467.31034417247,3,2019,-3500,9550.100925552666,-3500,hihi
2019-04-30T00:00:00Z,47123.456213763,12000.55609049045,4,2019,-3995,9799.692776625565,-3500,hihi
2019-06-30T00:00:00Z,14534.549557776063,10425.24471404443,6,2019,-4826.2265142977785,9509.133430862832,-5000,medhi
2019-12-31T00:00:00Z,20244.041311659057,3985.150412600247,12,2019,-5290.322580645161,8544.863174847387,-5000,medmed
2020-01-31T00:00:00Z,15148.486934322165,2600.7117098901654,1,2020,-5000,7041.2854130372325,-5000,medmed
2020-02-29T00:00:00Z,14833.431459782796,2402.741134456351,2,2020,-4610.000000000001,6350.649396200957,-5000,medmed
2020-03-31T00:00:00Z,12197.569056390721,2400.911670838885,3,2020,-3656.4047786693986,5441.159503170562,-3500,lomed
2020-04-30T00:00:00Z,9549.325478388088,2518.664156455133,4,2020,-2114.033382198712,3218.720944628449,-2000,lomed
2020-05-31T00:00:00Z,12441.772290780169,2009.97381180618,5,2020,-2397.9008109212923,3017.9600731248884,-2000,lomed
2020-06-30T00:00:00Z,13746.821212030152,1344.4360577046157,6,2020,-4999.999999999998,5047.652160379075,-5000,medlo
2020-12-31T00:00:00Z,11872.10172917173,1227.9407583783463,12,2020,-3009.4590078646625,3483.399833259568,-3500,lolo
2021-01-31T00:00:00Z,5981.003327821275,4380.566330625479,1,2021,-3904.184038915825,7158.113181059296,-3500,lohi
2021-02-28T00:00:00Z,13517.670241318607,2207.49515135862,2,2021,-1704.400126686712,3285.846569639171,-2000,medmed
2021-03-31T00:00:00Z,8066.749458899825,1973.2658517662342,3,2021,-2018.4674967270903,3288.9836633451323,-2000,lolo
2021-05-31T00:00:00Z,6467.677746573456,1308.0724941348114,5,2021,-1671.6330160848177,1962.5303794552174,-2000,lolo
